"Code";"Nom";"Rivière ";"Lambert72_X ";"Lambert72_Y ";"Lambert2008_X";"Lambert2008_Y";"ETRS89_X";"ETRS89_Y";"Bassin Versant";"Superficie BV";"Bassin DCE";"District hydrographique";"Localité";"Commune";"Province";"Gestionnaire";"Mise en service";"Altitude actuelle du repère";
"L5442";"Aiseau";"Biesme";"165526.0";"121590.0";"665531.331342066";"621592.653802672";"50.4049997698804";"4.58715293745817";"Basse Sambre (affluents)";"77,50 km²";"Sambre / SA";"District de la Meuse";"Aiseau";"Aiseau-Presles";"HAINAUT";"Station appartenant à la DCENN";"1972-01-11 00:00:00: Active";"105.07";
"L6290";"Amberloup";"Ourthe Occidentale";"232932.0";"81130.0";"732941.606560112";"581141.021436139";"50.0356305815099";"5.52639526365704";"Ourthe supérieure";"109,00 km²";"Ourthe / OU";"District de la Meuse";"Amberloup";"Sainte-Ode";"LUXEMBOURG";"Station appartenant à la DCENN";"1991-11-19 00:00:00: Active";"371.902";
"L6470";"Ambresin";"Mehaigne";"197782.0";"146460.0";"697784.105476065";"646466.296396584";"50.6268347109466";"5.04407249910583";"Mehaigne";"194,72 km²";"Meuse aval / MA";"District de la Meuse";"Ambresin";"Wasseiges";"LIEGE";"Station appartenant à la DCENN";"1991-12-19 00:00:00: Active";"123.363";
"L5412";"Amougies";"Rhosnes";"88408.0";"159315.0";"588409.453211828";"659308.157591764";"50.741108436752";"3.49612522501325";"Escaut (affluents)";"164,00 km²";"Escaut-Lys / EL";"District de l'Escaut";"Amougies";"Mont-de-l'Enclus";"HAINAUT";"Station appartenant à la DCENN";"1972-02-16 00:00:00: Active";"13.763";
"7137";"AMPSIN Bief Amont";"Meuse moyenne";"215216.0";"136486.0";"715219.152144481";"636494.455467456";"50.5354876527505";"5.28870500500236";"Meuse moyenne (NA)";"16416,26 km²";"Meuse aval / MA";"District de la Meuse";"";"Amay";"LIEGE";"Direction de la Gestion hydrologique";"1969-07-17 00:00:00: Active";"67.26";
"5803";"ANGLEUR Aval RD";"Ourthe inférieure";"237364.0";"145671.0";"737365.88";"645682.02";"50.6151626782273";"5.60323647777557";"Ourthe inférieure";"";"Ourthe / OU";"District de la Meuse";"";"";"";"Direction de la Gestion hydrologique";"2022-12-06 00:00:00: Active";"58.978";
"5806";"ANGLEUR GR BAT. Am";"Ourthe inférieure";"237927.0";"145415.0";"737928.902476837";"645426.088721318";"50.6127770934171";"5.61112985260064";"Ourthe inférieure";"";"Ourthe / OU";"District de la Meuse";"";"Liège";"LIEGE";"Direction de la Gestion hydrologique";"1967-06-19 00:00:00: Active";"64.0";
"5804";"ANGLEUR GR BAT. Av";"Ourthe inférieure";"237559.0";"145592.0";"737560.884399933";"645603.043419073";"50.6144233725828";"5.60597278507372";"Ourthe inférieure";"";"Ourthe / OU";"District de la Meuse";"";"Liège";"LIEGE";"Direction de la Gestion hydrologique";"1969-01-16 00:00:00: Active";"59.8";
"8067";"ANSEREMME Monia";"Haute Meuse (amont Dinant)";"187472.0";"103560.0";"687479.303070052";"603565.416896422";"50.2419138991552";"4.89406731584809";"Haute Meuse (NA, amont Lesse)";"";"Meuse amont / MM";"District de la Meuse";"";"Dinant";"NAMUR";"Direction de la Gestion hydrologique";"1993-01-01 00:00:00: Active";"92.0";
"L7620";"Archennes";"Train";"172055.0";"159931.0";"672055.708768909";"659934.121236815";"50.7494755560149";"4.68127170855849";"Dyle";"73,04 km²";"Dyle-Gette / DG";"District de l'Escaut";"Archennes";"Grez-Doiceau";"BRABANT WALLON";"Station appartenant à la DCENN";"2011-05-25 00:00:00: Active";"39.02";
"2971";"ATH";"Dendre Orientale";"108196.0";"147152.0";"608198.745131253";"647147.613503574";"50.6335212063431";"3.77783355381171";"Dendre";"228,94 km²";"Dendre / DE";"District de l'Escaut";"";"Ath";"HAINAUT";"Direction de la Gestion hydrologique";"1975-01-01 00:00:00: Active";"28.846";
"L6023";"Athus";"Messancy";"255767.0";"29235.0";"755782.609309645";"529249.173547516";"49.5655113794726";"5.83080789458289";"Chiers";"62,00 km²";"Semois-Chiers / SC";"District de la Meuse";"Athus";"Aubange";"LUXEMBOURG";"Station appartenant à la DCENN";"2020-07-28 00:00:00: Active";"266.42";
"L6530";"Aublain";"Eau Blanche";"152353.0";"83282.0";"652363.006017";"583283.393404369";"50.0607927815509";"4.40160266133682";"Eau Blanche";"106,22 km²";"Meuse amont / MM";"District de la Meuse";"Aublain";"Couvin";"NAMUR";"Station appartenant à la DCENN";"1994-03-25 00:00:00: Active";"176.25";
"L6990";"Auby-sur-Semois";"Alleines";"207480.0";"55800.0";"707492.836302795";"555808.193434371";"49.810932961481";"5.167336480985";"Moyenne Semois";"87,65 km²";"Semois-Chiers / SC";"District de la Meuse";"Auby-sur-Semois";"Bertrix";"LUXEMBOURG";"Station appartenant à la DCENN";"2003-09-04 00:00:00: Active";"236.8";
"L6900";"Awirs";"Ruisseau des Awirs";"223833.0";"142926.0";"723835.314341453";"642935.429675944";"50.5923543433161";"5.41152059292118";"Meuse Moyenne aval (affluents)";"33,87 km²";"Meuse aval / MA";"District de la Meuse";"Awirs";"Flémalle";"LIEGE";"Station appartenant à la DCENN";"2003-04-22 00:00:00: Active";"78.063";
"L6050";"Baillonville";"Ruisseau d'Heure";"219839.0";"108499.0";"719845.450381405";"608508.235600964";"50.2833636850276";"5.34869744529101";"Ourthe moyenne";"68,00 km²";"Ourthe / OU";"District de la Meuse";"Baillonville";"Somme-Leuze";"NAMUR";"Station appartenant à la DCENN";"1984-06-14 00:00:00: Active";"174.022";
"L5170";"Baisieux";"Grande Honnelle";"101819.0";"119540.0";"601825.088095519";"619535.074495551";"50.3848038764999";"3.69125448648238";"Haine";"121,00 km²";"Haine / HN";"District de l'Escaut";"Baisieux";"Quiévrain";"HAINAUT";"Station appartenant à la DCENN";"1971-01-01 00:00:00: Active";"30.834";
"L6861";"Baisieux";"Petite Honnelle";"102137.0";"119838.0";"602143.050018134";"619833.110026604";"50.3875088706854";"3.69568781457084";"Haine";"28,79 km²";"Haine / HN";"District de l'Escaut";"Baisieux";"Quiévrain";"HAINAUT";"Station appartenant à la DCENN";"2011-06-07 00:00:00: Active";"32.11";
"L6880";"Beaumont";"Hantes";"140342.0";"102061.0";"640349.863231849";"602060.808976";"50.2295535438712";"4.23338305621395";"Haute Sambre (affluents)";"92,39 km²";"Sambre / SA";"District de la Meuse";"Beaumont";"Beaumont";"HAINAUT";"Station appartenant à la DCENN";"2003-03-01 00:00:00: Active";"160.355";
"6526";"BELLEHEID";"Hoegne";"262860.0";"134258.0";"762863.027224576";"634272.151567599";"50.5082136054053";"5.95994984084006";"Vesdre";"19,64 km²";"Vesdre / VE";"District de la Meuse";"";"Jalhay";"LIEGE";"Direction de la Gestion hydrologique";"1993-06-22 00:00:00: Active";"357.317";
"5572";"BERGILERS Amont";"Geer";"216964.0";"156990.0";"716964.694605287";"656998.496161246";"50.719605929598";"5.31705664763385";"Geer";"123,39 km²";"Meuse aval / MA";"District de la Meuse";"";"Oreye";"LIEGE";"Direction de la Gestion hydrologique";"1984-09-19 00:00:00: Active";"102.661";
"7978";"BERSILLIES-L'ABBAYE";"Thure";"134309.0";"105579.0";"634316.492281709";"605578.061119354";"50.2610527813596";"4.14868313548264";"Haute Sambre (affluents)";"56,98 km²";"Sambre / SA";"District de la Meuse";"";"Erquelinnes";"HAINAUT";"Direction de la Gestion hydrologique";"1983-05-01 00:00:00: Active<br>2019-03-16 00:00:00: Inactive<br>2019-10-22 00:00:00: Active";"143.294";
"6946";"BEVERCE";"Warche";"269012.0";"126873.0";"769015.856605333";"626887.945677394";"50.4406196109308";"6.04430742122036";"Amblève";"149,14 km²";"Amblève / AM";"District de la Meuse";"";"Malmédy";"LIEGE";"Direction de la Gestion hydrologique";"1996-11-20 00:00:00: Active";"348.052";
"1046";"BIERGES";"Dyle";"166766.0";"155585.0";"666767.269386726";"655587.526185797";"50.710582721989";"4.60612935738496";"Dyle";"310,19 km²";"Dyle-Gette / DG";"District de l'Escaut";"";"Wavre";"BRABANT WALLON";"Direction de la Gestion hydrologique";"1968-06-17 00:00:00: Active";"42.009";
"L7180";"Biesme-sous-Thuin";"Bieme l'Eau";"145563.0";"112098.0";"645569.624265371";"612098.350475593";"50.3198530930361";"4.30644041085282";"Haute Sambre (affluents)";"79,81 km²";"Sambre / SA";"District de la Meuse";"Biesme-sous-Thuin";"Thuin";"HAINAUT";"Station appartenant à la DCENN";"2004-09-02 00:00:00: Active";"135.82";
"L6560";"Bistain";"Ruisseau de Cherain";"257151.0";"94435.0";"757158.820971623";"594448.79974791";"50.1513341816344";"5.86814047100928";"Ourthe supérieure";"43,03 km²";"Ourthe / OU";"District de la Meuse";"Cherain";"Gouvy";"LUXEMBOURG";"Station appartenant à la DCENN";"1994-11-04 00:00:00: Active";"367.791";
"L7520";"Blanmont";"Orne";"169285.0";"145098.0";"669287.498804234";"645100.91132902";"50.6162280045377";"4.64124769877856";"Dyle";"30,15 km²";"Dyle-Gette / DG";"District de l'Escaut";"Chastre";"Chastre";"BRABANT WALLON";"Station appartenant à la DCENN";"2011-05-17 00:00:00: Active";"119.57";
"L6721";"Bougnies";"By";"119529.655";"119480.406";"619535.608360669";"619477.592801928";"50.3854524571586";"3.94028835527884";"Haine";"27,22 km²";"Haine / HN";"District de l'Escaut";"Bougnies";"Quévy";"HAINAUT";"Station appartenant à la DCENN";"2003-05-20 00:00:00: Active";"70.223";
"L7900";"Bougnies";"By";"119854.0";"119807.0";"619859.911816694";"619804.222849942";"50.3884053205763";"3.94482283981968";"Haine";"27,25 km²";"Haine / HN";"District de l'Escaut";"Bougnies";"Quévy";"HAINAUT";"Station appartenant à la Province du Hainaut";"2014-04-15 00:00:00: Active";"70.26";
"9461";"BOUILLON";"Moyenne Semois";"200040.0";"53670.0";"700053.151189824";"553677.32324203";"49.7924572080678";"5.06369803628619";"Moyenne Semois";"1043,53 km²";"Semois-Chiers / SC";"District de la Meuse";"";"Bouillon";"LUXEMBOURG";"Direction de la Gestion hydrologique";"2009-02-25 00:00:00: Active";"213.251";
"3561";"BOUSSOIT";"Haine";"129967.0";"127873.0";"629971.86892901";"627871.363711221";"50.4613519141698";"4.08660344045252";"Haine";"163,32 km²";"Haine / HN";"District de l'Escaut";"";"La Louvière";"HAINAUT";"Direction de la Gestion hydrologique";"1974-01-01 00:00:00: Active";"43.907";
"7843";"BOUSSU-LEZ-WALCOURT";"Ruisseau d'Erpion";"150205.0";"100412.0";"650212.980330326";"600412.998519843";"50.2148064536694";"4.37161540076996";"Eau d'heure";"5,51 km²";"Sambre / SA";"District de la Meuse";"";"Froidchapelle";"HAINAUT";"Direction de la Gestion hydrologique";"1981-01-01 00:00:00: Active";"213.395";
"1081";"BOUSVAL";"Dyle";"159661.0";"144723.0";"659663.621243643";"644724.767343983";"50.6130958442321";"4.50525036985388";"Dyle";"47,09 km²";"Dyle-Gette / DG";"District de l'Escaut";"";"Genappe";"BRABANT WALLON";"Direction de la Gestion hydrologique";"1972-05-10 00:00:00: Active";"76.959";
"L7840";"Braine l'Alleud";"Hain";"149371.0";"154110.0";"649372.585454464";"654110.465129399";"50.6975647414982";"4.35984692012157";"Sennette";"49,34 km²";"Senne / SN";"District de l'Escaut";"Braine-l'Alleud";"Braine l'Alleud";"BRABANT WALLON";"Station appartenant à la DCENN";"2013-05-27 00:00:00: Active";"73.28";
"L7020";"Braine-le-Château";"Hain";"141338.0";"152179.0";"641339.880227546";"652178.523343535";"50.6801420375212";"4.24618935172967";"Sennette";"80,98 km²";"Senne / SN";"District de l'Escaut";"Braine-le-Château";"Braine-le-Château";"BRABANT WALLON";"Station appartenant à la DCENN";"2003-09-05 00:00:00: Active";"46.4";
"L6550";"Brizy";"Ourthe Orientale";"255562.0";"94042.0";"755569.880913988";"594055.613536868";"50.1480880369537";"5.84580157131514";"Ourthe supérieure";"96,21 km²";"Ourthe / OU";"District de la Meuse";"Cherain";"Gouvy";"LUXEMBOURG";"Station appartenant à la DCENN";"1994-11-04 00:00:00: Active";"358.026";
"L5690";"Brugelette";"Dendre Orientale";"113968.0";"142725.0";"613971.226670933";"642721.337041079";"50.5941072941492";"3.85984854188656";"Dendre";"110,00 km²";"Dendre / DE";"District de l'Escaut";"Brugelette";"Brugelette";"HAINAUT";"Station appartenant à la DCENN";"1978-01-01 00:00:00: Active";"42.47";
"9232";"BRULY";"Ry de Pernelle";"160532.0";"76315.0";"660542.770895166";"576317.425512224";"49.9980653464837";"4.51563591932548";"Eau Noire";"38,52 km²";"Meuse amont / MM";"District de la Meuse";"";"Couvin";"NAMUR";"Direction de la Gestion hydrologique";"1980-12-01 00:00:00: Active";"266.052";
"6981";"BULLINGEN";"Warche";"284647.0";"123811.0";"784651.092419493";"623827.834307395";"50.409719036386";"6.2632412156363";"Amblève";"22,59 km²";"Amblève / AM";"District de la Meuse";"";"Büllingen";"LIEGE";"Direction de la Gestion hydrologique";"1997-02-04 00:00:00: Active";"556.247";
"L8120";"Celles";"Rieu de la Lhaye";"85630.0";"156257.0";"585631.839820899";"656249.850866723";"50.7133198468329";"3.45730222995431";"Escaut (affluents)";"38,89 km²";"Escaut-Lys / EL";"District de l'Escaut";"Celles";"Celles";"HAINAUT";"Station appartenant à la Province du Hainaut";"2017-10-01 00:00:00: Active";"23.97";
"7891";"CERFONTAINE";"Eau d'Heure";"152859.0";"96020.0";"652867.482674095";"596021.35058193";"50.1753128137704";"4.40876688761839";"Eau d'heure";"19,82 km²";"Sambre / SA";"District de la Meuse";"";"Cerfontaine";"NAMUR";"Direction de la Gestion hydrologique";"1980-01-18 00:00:00: Active";"209.24";
"L5880";"Chantemelle";"Semois";"242422.0";"39046.0";"742436.548627297";"539058.500114571";"49.6559186538579";"5.64871087790166";"Haute Semois";"89,00 km²";"Semois-Chiers / SC";"District de la Meuse";"Chantemelle";"Etalle";"LUXEMBOURG";"Station appartenant à la DCENN";"1979-01-15 00:00:00: Active";"334.65";
"5896";"CHANXHE";"Ourthe inférieure";"236716.0";"132378.0";"736719.47";"632389.05";"50.4957698101114";"5.590988289041";"Ourthe inférieure";"";"Ourthe / OU";"District de la Meuse";"";"Sprimont";"LIEGE";"Direction de la Gestion hydrologique";"2023-03-29 00:00:00: Active";"94.0";
"5897";"CHANXHE DERIVATION";"Ourthe inférieure";"236744.369";"132358.691";"736747.84";"632369.75";"50.4955920405066";"5.59138358745354";"Ourthe inférieure";"";"Ourthe / OU";"District de la Meuse";"";"Sprimont";"LIEGE";"Direction de la Gestion hydrologique";"2023-05-23 00:00:00: Active";"92.0";
"L7580";"Chapelle-à-Wattines";"Dendre Occidentale";"99397.0";"144511.0";"599400.130245516";"644505.585766213";"50.6090846648498";"3.65382240567814";"Dendre";"63,40 km²";"Dendre / DE";"District de l'Escaut";"Chapelle-à-Wattines";"Leuze-en-Hainaut";"HAINAUT";"Station appartenant à la DCENN";"2011-06-21 00:00:00: Active";"39.07";
"6228";"CHAUDFONTAINE Pisc";"Vesdre";"240980.0";"142873.0";"740982.180362661";"642884.473381904";"50.5894603975804";"5.65363749806279";"Vesdre";"683,26 km²";"Vesdre / VE";"District de la Meuse";"";"Chaudfontaine";"LIEGE";"Direction de la Gestion hydrologique";"1975-06-02 00:00:00: Active";"77.626";
"6229";"CHAUDFONTAINE Pont";"Vesdre";"240956.0";"142754.0";"740958.19";"642765.47";"50.5883944752985";"5.65326953312667";"Vesdre";"";"Vesdre / VE";"District de la Meuse";"";"";"";"Direction de la Gestion hydrologique";"2022-12-07 00:00:00: Active";"77.626";
"6804";"CHEVRON Pont";"Lienne";"248729.057";"121539.428";"748733.72";"621552.0";"50.3964432141313";"5.7574140862504";"Amblève";"141,82 km²";"Amblève / AM";"District de la Meuse";"";"Stoumont";"LIEGE";"Direction de la Gestion hydrologique";"2023-06-08 00:00:00: Active";"215.562";
"9541";"CHINY";"Moyenne Semois";"220742.0";"48650.0";"720755.580800323";"548659.834327836";"49.7452242879419";"5.35025874500371";"Moyenne Semois";"738,50 km²";"Semois-Chiers / SC";"District de la Meuse";"";"Chiny";"LUXEMBOURG";"Direction de la Gestion hydrologique";"1991-03-21 00:00:00: Active";"304.179";
"8702";"CHOOZ";"Haute Meuse (amont Dinant)";"181326.0";"86860.0";"681335.344492425";"586864.820000472";"50.092133299138";"4.80652567200908";"Haute Meuse (NA, amont Lesse)";"10120,00 km²";"Meuse amont / MM";"District de la Meuse";"";"Chooz";"ARDENNES";"Direction de la Gestion hydrologique";"1977-01-01 00:00:00: Active";"101.428";
"L7630";"Ciney";"Ruisseau de Leignon";"201600.0";"109013.0";"701606.537945179";"609020.056913109";"50.2898675839987";"5.09286452188129";"Bocq";"29,64 km²";"Meuse amont / MM";"District de la Meuse";"Ciney";"Ciney";"NAMUR";"Station appartenant à la DCENN";"2009-07-09 00:00:00: Active";"236.12";
"2341";"CLABECQ";"Hain";"140425.0";"152229.0";"640426.881609502";"652228.414127967";"50.6805773451218";"4.23326986610499";"Sennette";"83,79 km²";"Senne / SN";"District de l'Escaut";"";"Tubize";"BRABANT WALLON";"Direction de la Gestion hydrologique";"2014-03-13 00:00:00: Active";"41.918";
"L8910";"Clermont";"Ruisseau du Moulin de Donstiennes";"146152.0";"105216.0";"646159.44";"605216.48";"50.2579847361417";"4.31478048299954";"";"";"";"";"Clermont";"";"";"Station appartenant à la Province de Namur";"2021-07-09 00:00:00: Active";"174.217";
"5904";"COMBLAIN-AU-PONT";"Ourthe moyenne";"236166.0";"131269.0";"736169.602632283";"631279.994997544";"50.4858821608902";"5.58298182529795";"Ourthe moyenne";"";"Ourthe / OU";"District de la Meuse";"";"Comblain-au-Pont";"LIEGE";"Direction de la Gestion hydrologique";"1979-09-25 00:00:00: Active";"94.916";
"3886";"COMINES Amont B-Ecl";"Lys";"52382.0";"161819.0";"552383.440606949";"661807.84349592";"50.7586989330144";"2.98515019230688";"Lys";"";"Escaut-Lys / EL";"District de l'Escaut";"";"Comines-Warneton";"HAINAUT";"Direction de la Gestion hydrologique";"1990-01-01 00:00:00: Active";"12.011";
"3884";"COMINES Aval Bar-Ecl";"Lys";"53125.0";"162231.0";"553126.385619029";"662219.928796885";"50.7625259845546";"2.99557086006732";"Lys";"";"Escaut-Lys / EL";"District de l'Escaut";"";"Comines-Warneton";"HAINAUT";"Direction de la Gestion hydrologique";"1990-01-01 00:00:00: Active";"10.907";
"L6350";"Couvin";"Eau Noire";"159093.0";"80263.0";"659103.311611505";"580265.221827682";"50.0335843196992";"4.49566002624691";"Eau Noire";"102,00 km²";"Meuse amont / MM";"District de la Meuse";"Couvin";"Couvin";"NAMUR";"Station appartenant à la DCENN";"1992-01-29 00:00:00: Active";"195.688";
"9071";"COUVIN";"Eau Noire";"159381.0";"81078.0";"659391.212067054";"581080.24956879";"50.0409071592922";"4.49970006665675";"Eau Noire";"175,89 km²";"Meuse amont / MM";"District de la Meuse";"";"Couvin";"NAMUR";"Direction de la Gestion hydrologique";"1968-03-13 00:00:00: Active<br>2022-12-29 00:00:00: Active";"191.085";
"9201";"COUVIN Ry de Rome";"Ry de Rome";"159558.0";"80700.0";"659568.255722344";"580702.273748036";"50.0375058562061";"4.50216146332806";"Eau Noire";"15,82 km²";"Meuse amont / MM";"District de la Meuse";"";"Couvin";"NAMUR";"Direction de la Gestion hydrologique";"1982-01-01 00:00:00: Active";"196.182";
"L6390";"Dalhem";"Berwinne";"245623.0";"157426.0";"745623.408373948";"657437.907032784";"50.7195281743918";"5.72294521452676";"Berwinne";"118,00 km²";"Meuse aval / MA";"District de la Meuse";"Dalhem";"Dalhem";"LIEGE";"Station appartenant à la DCENN";"1991-12-24 00:00:00: Active";"83.926";
"L6770";"Dalhem";"Bolland";"245581.0";"156748.0";"745581.489491489";"656759.907599329";"50.713440983012";"5.72217546553957";"Berwinne";"29,26 km²";"Meuse aval / MA";"District de la Meuse";"Dalhem";"Dalhem";"LIEGE";"Station appartenant à la DCENN";"2001-12-27 00:00:00: Active";"88.608";
"L7660";"Dampicourt";"Chavratte";"231479.0";"28512.0";"731494.895606682";"528523.281157248";"49.5628198571379";"5.49496949433448";"Chiers";"54,42 km²";"Semois-Chiers / SC";"District de la Meuse";"Dampicourt";"Rouvroy";"LUXEMBOURG";"Station appartenant à la DCENN";"2011-06-20 00:00:00: Active";"201.07";
"8341";"DAVERDISSE";"Haute Lesse";"204412.0";"81300.0";"704421.819632552";"581307.618722808";"50.0404715213607";"5.12834165939739";"Haute Lesse";"302,20 km²";"Lesse / LE";"District de la Meuse";"";"Wellin";"LUXEMBOURG";"Direction de la Gestion hydrologique";"1967-09-14 00:00:00: Active";"211.873";
"L6840";"Daverdisse";"Ruisseau de Gembes";"203558.0";"79880.0";"703567.995958645";"579887.528483901";"50.0277834604966";"5.11622075416486";"Haute Lesse";"87,23 km²";"Lesse / LE";"District de la Meuse";"Daverdisse";"Daverdisse";"LUXEMBOURG";"Station appartenant à la DCENN";"2003-03-04 00:00:00: Active";"223.154";
"8059";"DINANT";"Haute Meuse (aval Dinant)";"188952.0";"104948.0";"688959.125541111";"604953.582057048";"50.2542962795093";"4.91495816584235";"Haute Meuse (NA, aval Lesse)";"";"Meuse amont / MM";"District de la Meuse";"";"Dinant";"NAMUR";"Direction de la Gestion hydrologique";"1997-07-25 00:00:00: Active";"90.002";
"L8470";"Dinant";"Ruisseau des Fonds de Leffe";"188680.0";"106592.0";"688686.931732976";"606597.536230622";"50.2690942208047";"4.91131277369429";"Haute Meuse (affluents)";"30,80 km²";"Meuse amont / MM";"District de la Meuse";"Dinant";"Dinant";"NAMUR";"Station appartenant à la Province de Namur";"2018-12-14 00:00:00: Active";"9999.0";
"6353";"DOLHAIN";"Vesdre";"261562.768";"145782.416";"761564.43";"645796.32";"50.6120446508153";"5.94511628435517";"Vesdre";"";"Vesdre / VE";"District de la Meuse";"";"Limbourg";"LIEGE";"Direction de la Gestion hydrologique";"2023-10-20 10:20:00: Active";"204.037";
"L8900";"Donstiennes";"Ruisseau du Moulin de Donstiennes";"146098.0";"107311.0";"646105.19";"607311.45";"50.2768194761945";"4.31400180882086";"";"";"";"";"Donstiennes";"";"";"Station appartenant à la Province de Namur";"2021-07-09 00:00:00: Active";"160.324";
"L7650";"Dottignies";"Grande Espierres";"74978.0";"159040.0";"574979.592781146";"659031.559005007";"50.7370641078048";"3.30593051029953";"Escaut (affluents)";"35,61 km²";"Escaut-Lys / EL";"District de l'Escaut";"Dottignies";"Mouscron";"HAINAUT";"Station appartenant à la DCENN";"2011-06-07 00:00:00: Active";"15.49";
"5953";"DURBUY";"Ourthe moyenne";"227337.0";"116315.0";"727342.457301052";"616325.065374929";"50.3526875025289";"5.45549816372259";"Ourthe moyenne";"1214,75 km²";"Ourthe / OU";"District de la Meuse";"";"Durbuy";"LUXEMBOURG";"Direction de la Gestion hydrologique";"1992-11-25 00:00:00: Active";"141.976";
"L6340";"Eben-Emael";"Geer";"241312.0";"164275.0";"741311.627773121";"664286.337225154";"50.7817807239457";"5.66359849345239";"Geer";"452,26 km²";"Meuse aval / MA";"District de la Meuse";"Eben-Emael";"Bassenge";"LIEGE";"Station appartenant à la DCENN";"1991-08-08 00:00:00: Active";"63.169";
"L7550";"Ecaussinnes";"Sennette";"135758.0";"138879.0";"635761.510343929";"638877.965422546";"50.5604663951544";"4.16774476638753";"Sennette";"43,22 km²";"Senne / SN";"District de l'Escaut";"Ecaussinnes";"Ecaussines";"HAINAUT";"Station appartenant à la DCENN";"2011-05-19 00:00:00: Active";"88.24";
"L7940";"Eppe-Sauvage";"Montbliart";"136387.0";"89659.0";"636396.374226759";"589658.4374462";"50.1179750627314";"4.17839654984668";"Haute Sambre (affluents)";"56,21 km²";"Sambre / SA";"District de la Meuse";"Moustier-en-Fagne";"Moustier-en-Fagne";"NORD";"Station appartenant à la Province du Hainaut";"2014-04-15 00:00:00: Active";"178.04";
"L6360";"Eprave";"Lhomme";"206847.0";"92332.0";"706855.484130489";"592339.818874329";"50.1394211651844";"5.16398290833778";"Lhomme";"478,00 km²";"Lesse / LE";"District de la Meuse";"Eprave";"Rochefort";"NAMUR";"Station appartenant à la DCENN";"1992-07-04 00:00:00: Active";"147.715";
"L7880";"Ere";"Ruisseau des Barges";"79114.0";"141573.0";"579117.64213265";"641565.191204523";"50.580568475219";"3.3678501135627";"Escaut (affluents)";"30,80 km²";"Escaut-Lys / EL";"District de l'Escaut";"Ere";"Tournai";"HAINAUT";"Station appartenant à la Province du Hainaut";"2014-04-15 00:00:00: Active";"28.57";
"L6690";"Erezée";"Aisne";"233605.0";"110274.0";"733611.126103331";"610284.862157835";"50.2975243786484";"5.54222078828098";"Ourthe moyenne";"67,39 km²";"Ourthe / OU";"District de la Meuse";"Erezée";"Erezée";"LUXEMBOURG";"Station appartenant à la DCENN";"1998-12-29 00:00:00: Active";"252.01";
"L6920";"Escanaffles";"Rieu de la Lhaye";"85287.0";"158686.0";"585288.553024522";"658678.790609772";"50.7351164829932";"3.45202171575294";"Escaut (affluents)";"55,85 km²";"Escaut-Lys / EL";"District de l'Escaut";"Escanaffles";"Celles";"HAINAUT";"Station appartenant à la DCENN";"2003-05-05 00:00:00: Active";"12.263";
"L6450";"Estaimpuis";"Espierres";"73118.0";"154620.0";"573120.13442115";"654611.372473181";"50.697091254438";"3.28050111304968";"Escaut (affluents)";"72,00 km²";"Escaut-Lys / EL";"District de l'Escaut";"Estaimpuis";"Estaimpuis";"HAINAUT";"Station appartenant à la DCENN";"1991-08-20 00:00:00: Active";"14.709";
"L7080";"Estinnes-au-Val";"Ruisseau des Estinnes";"131474.0";"122425.0";"631479.506356989";"622423.587263628";"50.4124224548207";"4.10809637578028";"Haine";"28,65 km²";"Haine / HN";"District de l'Escaut";"Estinnes-au-Val";"Estinnes";"HAINAUT";"Station appartenant à la DCENN";"2003-11-11 00:00:00: Active";"58.066";
"L6180";"Etalle";"Semois";"238860.0";"41190.0";"738874.322120775";"541202.057425535";"49.6757334358866";"5.59988162411097";"Haute Semois";"123,86 km²";"Semois-Chiers / SC";"District de la Meuse";"Etalle";"Etalle";"LUXEMBOURG";"Station appartenant à la DCENN";"1992-09-01 00:00:00: Active";"330.586";
"6387";"EUPEN";"Vesdre";"268078.442";"147118.802";"768079.89";"647133.47";"50.6227754264789";"6.03757624216869";"Vesdre";"";"Vesdre / VE";"District de la Meuse";"";"Eupen";"LIEGE";"Direction de la Gestion hydrologique";"2005-11-29 00:00:00: Active<br>2023-09-04 06:20:00: Inactive<br>2023-10-27 11:15:00: Active";"259.112";
"6392";"EUPEN Bellmerin";"Vesdre";"269034.0";"146854.0";"769035.48";"646868.78";"50.6202015502658";"6.05099192484594";"Vesdre";"";"Vesdre / VE";"District de la Meuse";"";"";"";"Direction de la Gestion hydrologique";"2022-11-24 00:00:00: Active";"269.556";
"6438";"EUPEN Hütte";"Helle";"269017.13";"145651.041";"769018.75";"645665.83";"50.6093931435709";"6.05036847512954";"Vesdre";"";"Vesdre / VE";"District de la Meuse";"";"";"";"Direction de la Gestion hydrologique";"2022-11-24 00:00:00: Active";"282.823";
"640601";"EUPEN LAC 1";"Vesdre";"271915.68";"146823.78";"771917.135388859";"646838.906845019";"50.6193357231605";"6.09169277269554";"Vesdre";"";"Vesdre / VE";"District de la Meuse";"";"";"";"";"1970-01-01 00:00:00: Active";"0.0";
"L6930";"Falisolle";"Ruisseau de Fosses";"168252.0";"123734.0";"668257.053690403";"623736.961399562";"50.4241962916439";"4.62560440240391";"Basse Sambre (affluents)";"57,37 km²";"Sambre / SA";"District de la Meuse";"Falisolle";"Sambreville";"NAMUR";"Station appartenant à la DCENN";"2003-07-03 00:00:00: Active";"97.922";
"8661";"FELENNE";"Houille";"184069.0";"81398.0";"684078.973639492";"581403.191646682";"50.0428755126103";"4.8443687487241";"Houille";"112,90 km²";"Meuse amont / MM";"District de la Meuse";"";"Gedinne";"NAMUR";"Direction de la Gestion hydrologique";"1967-11-14 00:00:00: Active";"188.847";
"L7590";"Flobecq";"Ruisseau d'Ancre";"106271.0";"158865.0";"606272.364402719";"658860.290246426";"50.7386752509562";"3.74924434143767";"Dendre";"14,48 km²";"Dendre / DE";"District de l'Escaut";"Flobecq";"Flobecq";"HAINAUT";"Station appartenant à la DCENN";"2011-06-21 00:00:00: Active";"30.82";
"L6160";"Florival";"Dyle";"169653.0";"161044.0";"669653.59555945";"661046.826004507";"50.759567190337";"4.64729485051596";"Dyle";"430,00 km²";"Dyle-Gette / DG";"District de l'Escaut";"Archennes";"Grez-Doiceau";"BRABANT WALLON";"Station appartenant à la DCENN";"1992-07-24 00:00:00: Active";"31.678";
"7466";"FONT-VALMONT Am B-E";"Haute Sambre";"139920.0";"112169.0";"639926.661271828";"612168.677031607";"50.3204222347347";"4.22719981951963";"Haute Sambre (NA)";"";"Sambre / SA";"District de la Meuse";"";"Thuin";"HAINAUT";"Direction de la Gestion hydrologique";"1982-05-20 00:00:00: Active";"118.002";
"L7600";"Foret";"Ruisseau des Fonds de Forêt";"242555.0";"142596.0";"742557.200460285";"642607.663332923";"50.5867232771046";"5.67580739519508";"Vesdre";"39,79 km²";"Vesdre / VE";"District de la Meuse";"Forêt";"Trooz";"LIEGE";"Station appartenant à la DCENN";"2011-05-11 00:00:00: Active";"0.0";
"L6310";"Forrières";"Lhomme";"215043.0";"91610.0";"715051.503292326";"591618.802132931";"50.1320837171006";"5.27850331317573";"Lhomme";"246,00 km²";"Lesse / LE";"District de la Meuse";"Forrières";"Nassogne";"LUXEMBOURG";"Station appartenant à la DCENN";"1991-10-18 00:00:00: Active";"200.6";
"8181";"FOY";"Flavion";"182079.0";"109098.0";"682085.686559036";"609102.728779837";"50.2920211511069";"4.81893573492453";"Molignée";"61,87 km²";"Meuse amont / MM";"District de la Meuse";"";"Onhaye";"NAMUR";"Direction de la Gestion hydrologique";"1997-12-15 00:00:00: Active";"125.007";
"L7890";"Froidmont";"Ruisseau des Barges";"76541.0";"141079.0";"576544.721491835";"641070.8883858";"50.5758105621906";"3.33162178296903";"Escaut (affluents)";"19,12 km²";"Escaut-Lys / EL";"District de l'Escaut";"Froidmont";"Tournai";"HAINAUT";"Station appartenant à la Province du Hainaut";"2014-04-15 00:00:00: Active";"36.97";
"L6400";"Gedinne";"Houille";"190600.0";"74600.0";"690610.731336838";"574606.02607431";"49.9813461956571";"4.9348186202447";"Houille";"52,00 km²";"Meuse amont / MM";"District de la Meuse";"Gedinne";"Gedinne";"NAMUR";"Station appartenant à la DCENN";"1991-06-26 00:00:00: Active";"308.76";
"8221";"GENDRON";"Basse Lesse";"192403.0";"100195.0";"692410.664209914";"600201.032291191";"50.2113270423334";"4.96281486720209";"Basse Lesse";"1286,04 km²";"Lesse / LE";"District de la Meuse";"";"Dinant";"NAMUR";"Direction de la Gestion hydrologique";"1968-01-01 00:00:00: Active";"103.42";
"L7920";"Gerpinnes (Hanzinne  aval)";"Ruisseau d'Hanzinne";"161407.0";"114107.0";"661413.256803835";"614109.223371885";"50.3378196652619";"4.52898230009452";"Basse Sambre (affluents)";"28,87 km²";"Sambre / SA";"District de la Meuse";"Gerpinnes";"Gerpinnes";"HAINAUT";"Station appartenant à la Province du Hainaut";"2014-04-15 00:00:00: Active";"175.14";
"L7910";"Gerpinnes (Hanzinne amont)";"Ruisseau d'Hanzinne";"161662.0";"112607.0";"661668.433588941";"612609.265932327";"50.3243290219654";"4.53251768023816";"Basse Sambre (affluents)";"12,29 km²";"Sambre / SA";"District de la Meuse";"Gerpinnes";"Gerpinnes";"HAINAUT";"Station appartenant à la Province du Hainaut";"2014-04-15 00:00:00: Active";"190.86";
"L7930";"Gerpinnes (St-Pierre)";"Ruisseau Saint Pierre";"160571.0";"113046.0";"660577.390066793";"613048.132292175";"50.3282965288284";"4.51720886429466";"Basse Sambre (affluents)";"6,69 km²";"Sambre / SA";"District de la Meuse";"Gerpinnes";"Gerpinnes";"HAINAUT";"Station appartenant à la Province du Hainaut";"2014-04-15 00:00:00: Active";"178.43";
"L8630";"Gesves";"Samson";"197485.0";"121147.0";"697490.12488919";"621153.467319484";"50.3992996446478";"5.03665379949431";"Samson";"";"Meuse amont / MM";"District de la Meuse";"Gesves";"Gesves";"NAMUR";"Station appartenant à la Province de Namur";"2020-06-11 00:00:00: Active";"186.752";
"L6570";"Ghoy";"Ruisseau d'Ancre";"110975.0";"156700.0";"610976.584849762";"656695.868235505";"50.7195463526823";"3.81611104035088";"Dendre";"77,00 km²";"Dendre / DE";"District de l'Escaut";"Ghoy";"Lessines";"HAINAUT";"Station appartenant à la DCENN";"1994-12-22 00:00:00: Active";"20.14";
"656601";"GILEPPE LAC 1";"Gileppe";"263747.9775";"143253.2598";"763749.925568869";"643267.44296636";"50.5888914591708";"5.97521006971462";"Vesdre";"";"Vesdre / VE";"District de la Meuse";"";"";"";"";"1976-01-01 00:00:00: Active";"0.0";
"L6710";"Givry";"Trouille";"126144.0";"118021.0";"626150.074284853";"618018.987219518";"50.3726373258035";"4.03338669648699";"Haine";"55,72 km²";"Haine / HN";"District de l'Escaut";"Givry";"Quévy";"HAINAUT";"Station appartenant à la DCENN";"2000-05-29 00:00:00: Active";"61.125";
"2536";"GOUY";"Piéton";"145724.0";"131156.0";"645728.350782796";"631156.215726652";"50.4911921837097";"4.30848642622926";"Basse Sambre (affluents)";"16,77 km²";"Sambre / SA";"District de la Meuse";"";"Courcelles";"HAINAUT";"Direction de la Gestion hydrologique";"1992-01-01 00:00:00: Active";"126.096";
"L5540";"Graide";"Ruisseau de Graide";"199752.0";"70397.0";"699763.158091697";"570404.152070249";"49.9428614007776";"5.06186906147981";"Haute Lesse";"10,60 km²";"Lesse / LE";"District de la Meuse";"Graide";"Bièvre";"NAMUR";"Station appartenant à la DCENN";"1974-09-25 00:00:00: Active";"357.542";
"L7210";"Grandrieu";"Thure";"136257.0";"97061.0";"636265.492440392";"597060.362174607";"50.1845201674845";"4.17631152540006";"Haute Sambre (affluents)";"19,30 km²";"Sambre / SA";"District de la Meuse";"Grandrieu";"Sivry-Rance";"HAINAUT";"Station appartenant à la DCENN";"2004-09-08 00:00:00: Active";"188.39";
"L6040";"Grandville";"Yerne";"218889.0";"156963.0";"718889.682124751";"656971.725737127";"50.7191388797618";"5.34430928169329";"Geer";"62,30 km²";"Meuse aval / MA";"District de la Meuse";"Grandville";"Oreye";"LIEGE";"Station appartenant à la DCENN";"1983-10-14 00:00:00: Active";"100.366";
"7197";"GRD-MALADES Bief Am";"Meuse moyenne";"187408.0";"128661.0";"687412.311098837";"628666.204895178";"50.4675803967324";"4.89567049210182";"Meuse moyenne (NA)";"";"Meuse aval / MA";"District de la Meuse";"";"Namur";"NAMUR";"Direction de la Gestion hydrologique";"1993-01-01 00:00:00: Active";"77.0";
"L6320";"Grupont";"Lhomme";"215042.0";"87185.0";"715051.030977189";"587193.838267787";"50.0923033752133";"5.27773111455632";"Lhomme";"179,91 km²";"Lesse / LE";"District de la Meuse";"Grupont";"Tellin";"LUXEMBOURG";"Station appartenant à la DCENN";"1991-10-18 00:00:00: Active";"226.33";
"L7260";"Gussignies";"Grande Honnelle";"104942.0";"114062.0";"604948.716350641";"614057.490825591";"50.3358038585453";"3.73582183543919";"Haine";"91,20 km²";"Haine / HN";"District de l'Escaut";"Gussignies";"Gussignies";"NORD";"Station appartenant à la DCENN";"2005-06-01 00:00:00: Active";"64.463";
"L5970";"Habay-la-Vieille";"Rulles";"240091.0";"46759.0";"740104.647556775";"546771.158382773";"49.7256100442263";"5.61823276601054";"Haute Semois";"96,00 km²";"Semois-Chiers / SC";"District de la Meuse";"Habay-la-Vieille";"Habay";"LUXEMBOURG";"Station appartenant à la DCENN";"1981-11-10 00:00:00: Active";"357.98";
"L5630";"Hamoir";"Néblon";"231494.0";"124110.0";"731498.494132876";"624120.496928809";"50.4221970528891";"5.51559671027222";"Ourthe moyenne";"76,00 km²";"Ourthe / OU";"District de la Meuse";"Hamoir";"Hamoir";"LIEGE";"Station appartenant à la DCENN";"1976-06-04 00:00:00: Active";"127.916";
"5922";"HAMOIR";"Ourthe moyenne";"232949.0";"124541.0";"732953.430848329";"624551.666813971";"50.4258674465749";"5.53616472777943";"Ourthe moyenne";"1598,53 km²";"Ourthe / OU";"District de la Meuse";"";"Hamoir";"LIEGE";"Direction de la Gestion hydrologique";"1967-06-26 00:00:00: Active";"112.45";
"L7690";"Han-sur-Lesse";"Ry d'Ave";"207798.0";"90682.0";"707806.673128747";"590689.945778014";"50.1244951463376";"5.17703407181182";"Haute Lesse";"26,57 km²";"Lesse / LE";"District de la Meuse";"Han-sur-Lesse";"Rochefort";"NAMUR";"Station appartenant à la DCENN";"2011-09-13 00:00:00: Active";"153.988";
"L8490";"Hanret";"Ruisseau de la Batterie";"191086.0";"142014.0";"691088.689714557";"642019.53461045";"50.5873759452015";"4.94894767174729";"Mehaigne";"";"Meuse aval / MA";"District de la Meuse";"Hanret";"Eghezée";"NAMUR";"Station appartenant à la Province de Namur";"2019-03-11 00:00:00: Active";"143.713";
"L6940";"Hargimont";"Hédrée";"216975.0";"97640.0";"716982.768479637";"597648.983105206";"50.1860764640765";"5.30658950886016";"Lhomme";"45,12 km²";"Lesse / LE";"District de la Meuse";"Hargimont";"Marche-en-Famenne";"LUXEMBOURG";"Station appartenant à la DCENN";"2003-07-03 00:00:00: Active";"0.0";
"L7640";"Hargimont";"Wamme";"216681.0";"97266.0";"716688.815477048";"597274.951113766";"50.1827475943885";"5.302407184028";"Lhomme";"130,55 km²";"Lesse / LE";"District de la Meuse";"Hargimont";"Marche-en-Famenne";"LUXEMBOURG";"Station appartenant à la DCENN";"2011-06-15 00:00:00: Active";"0.0";
"L6430";"Harmignies";"Trouille";"124807.0";"120910.0";"624812.740550595";"620907.804548806";"50.3985545159616";"4.014398487757";"Haine";"79,89 km²";"Haine / HN";"District de l'Escaut";"Harmignies";"Mons";"HAINAUT";"Station appartenant à la DCENN";"1991-08-20 00:00:00: Active";"44.194";
"L5520";"Harnoncourt";"Ton";"231435.0";"25671.0";"731451.235008193";"525682.299309409";"49.5372868917015";"5.49376610573495";"Chiers";"293,00 km²";"Semois-Chiers / SC";"District de la Meuse";"Harnoncourt";"Rouvroy";"LUXEMBOURG";"Station appartenant à la DCENN";"1974-03-06 00:00:00: Active";"193.334";
"8622";"HASTIERE";"Hermeton";"180660.0";"98975.0";"680667.905127328";"598979.641953332";"50.2010874375799";"4.79819922552722";"Hermeton";"166,04 km²";"Meuse amont / MM";"District de la Meuse";"";"Hastière";"NAMUR";"Direction de la Gestion hydrologique";"1967-09-14 00:00:00: Active";"102.813";
"L6671";"Hemptinne";"Soile";"194044.0";"143723.0";"694046.462020577";"643728.873222948";"50.6025238898512";"4.99091984809068";"Mehaigne";"61,41 km²";"Meuse aval / MA";"District de la Meuse";"Hemptinne";"Fernelmont";"NAMUR";"Station appartenant à la DCENN";"2008-02-25 00:00:00: Active";"132.87";
"L7300";"Herbeumont";"Moyenne Semois";"212504.0";"51213.0";"712517.342470202";"551221.830424664";"49.769188344805";"5.23638612960664";"Moyenne Semois";"833,60 km²";"Semois-Chiers / SC";"District de la Meuse";"Herbeumont";"Herbeumont";"LUXEMBOURG";"Station appartenant à la DCENN";"2006-02-23 00:00:00: Active";"259.203";
"L5861";"Hoegne";"Hoegne";"251856.0";"139184.0";"751858.53";"639196.8";"50.5545082923391";"5.80619133061352";"Vesdre";"";"Vesdre / VE";"District de la Meuse";"Pepinster";"Pepinster";"LIEGE";"Station appartenant à la DCENN";"2021-11-18 00:00:00: Active";"147.561";
"5962";"HOTTON";"Ourthe moyenne";"226294.0";"107205.0";"726300.551849542";"607215.015768423";"50.2709293976854";"5.43899756471245";"Ourthe moyenne";"939,90 km²";"Ourthe / OU";"District de la Meuse";"";"Hotton";"LUXEMBOURG";"Direction de la Gestion hydrologique";"1975-09-24 00:00:00: Active";"173.292";
"L5930";"Houffalize";"Ourthe Orientale";"251735.0";"91991.0";"751743.156958225";"592004.174158954";"50.1303240307761";"5.79171609529508";"Ourthe supérieure";"179,00 km²";"Ourthe / OU";"District de la Meuse";"Houffalize";"Houffalize";"LUXEMBOURG";"Station appartenant à la DCENN";"1979-02-27 00:00:00: Active";"326.562";
"8231";"HOUYET";"Basse Lesse";"195619.0";"97864.0";"695626.915987144";"597870.434789227";"50.1901304762494";"5.0075880420837";"Basse Lesse";"1208,05 km²";"Lesse / LE";"District de la Meuse";"";"Houyet";"NAMUR";"Direction de la Gestion hydrologique";"1982-01-01 00:00:00: Active";"114.581";
"7244";"HUCCORGNE";"Mehaigne";"206601.0";"139948.0";"706603.809774554";"639955.400477249";"50.5675065731219";"5.16771514903217";"Mehaigne";"305,10 km²";"Meuse aval / MA";"District de la Meuse";"";"Wanze";"LIEGE";"Direction de la Gestion hydrologique";"1974-01-01 00:00:00: Active";"93.293";
"7141";"HUY";"Meuse moyenne";"211378.0";"134318.0";"711381.441826057";"634326.015775123";"50.5164135163075";"5.23421331783582";"Meuse moyenne (NA)";"";"Meuse aval / MA";"District de la Meuse";"";"Huy";"LIEGE";"Direction de la Gestion hydrologique";"1982-05-27 00:00:00: Active";"68.0";
"3643";"HYON";"Trouille";"121278.0";"125841.0";"621283.180946417";"625838.344120572";"50.4427234414362";"3.9643858742062";"Haine";"223,69 km²";"Haine / HN";"District de l'Escaut";"";"Mons";"HAINAUT";"Direction de la Gestion hydrologique";"1968-03-12 00:00:00: Active";"31.6";
"L6610";"Hérock";"Lesse";"198431.0";"96041.0";"698439.110466984";"596047.784984891";"50.1735169113426";"5.04673162852466";"Basse Lesse";"1156,02 km²";"Lesse / LE";"District de la Meuse";"Hour";"Houyet";"NAMUR";"Station appartenant à la DCENN";"1996-05-21 00:00:00: Active";"123.74";
"L8031";"Incourt";"Ruisseau d'Orbais";"181920.0";"154020.0";"681921.33";"654024.34";"50.6958802747012";"4.82054610181627";"Gette";"";"Dyle-Gette / DG";"District de l'Escaut";"Incourt";"Incourt";"BRABANT WALLON";"Station appartenant à la Province du Brabant Wallon";"2021-10-06 00:00:00: Active";"";
"2952";"IRCHONWELZ";"Dendre Occidentale";"106331.0";"145541.0";"606333.952075408";"645536.404097365";"50.6189025700288";"3.75166128771167";"Dendre";"126,30 km²";"Dendre / DE";"District de l'Escaut";"";"Ath";"HAINAUT";"Direction de la Gestion hydrologique";"1978-01-01 00:00:00: Active<br>2023-02-01 00:00:00: Active";"30.911";
"L5420";"Isières";"Sille";"111467.0";"150313.0";"611469.342188405";"650308.978067252";"50.662162283435";"3.82374112042285";"Dendre";"58,00 km²";"Dendre / DE";"District de l'Escaut";"Isières";"Ath";"HAINAUT";"Station appartenant à la DCENN";"1972-02-17 00:00:00: Active";"24.396";
"7117";"IVOZ-RAMET Bief Am";"Meuse moyenne";"226214.0";"142572.0";"726216.33707142";"642581.716306462";"50.5888665525447";"5.4450712181874";"Meuse moyenne (NA)";"";"Meuse aval / MA";"District de la Meuse";"";"Flémalle";"LIEGE";"Direction de la Gestion hydrologique";"1967-06-26 00:00:00: Active";"63.01";
"7711";"JAMIOULX";"Eau d'Heure";"152541.0";"116384.0";"652547.056937014";"616385.147839848";"50.3583967323162";"4.4044547737481";"Eau d'heure";"322,40 km²";"Sambre / SA";"District de la Meuse";"";"Ham-sur-Heure-Nalinnes";"HAINAUT";"Direction de la Gestion hydrologique";"1968-04-30 00:00:00: Active";"116.86";
"8527";"JEMELLE";"Lhomme";"213816.0";"94208.0";"713824.203523392";"594216.63454005";"50.1555735648526";"5.26178020161282";"Lhomme";"274,37 km²";"Lesse / LE";"District de la Meuse";"";"Rochefort";"NAMUR";"Direction de la Gestion hydrologique";"1969-01-01 00:00:00: Active";"186.876";
"L7241";"Jemeppe-sur-Sambre";"Orneau";"171681.0";"128177.0";"671685.496290087";"628180.33412747";"50.4640228900953";"4.67411753564536";"Basse Sambre (affluents)";"210,75 km²";"Sambre / SA";"District de la Meuse";"Jemeppe-sur-Sambre";"Jemeppe-sur-Sambre";"NAMUR";"Station appartenant à la DCENN";"2007-07-01 00:00:00: Active";"89.23";
"L7850";"Jodoigne-Souveraine";"Grande Gette";"183592.0";"155259.0";"683593.172105768";"655263.533877626";"50.7069244716391";"4.84432345833096";"Gette";"111,25 km²";"Dyle-Gette / DG";"District de l'Escaut";"Jodoigne-Souveraine";"Jodoigne";"BRABANT WALLON";"Station appartenant à la DCENN";"2014-01-25 00:00:00: Active";"72.06";
"L5491";"Juzaine";"Aisne";"232993.0";"118698.0";"732998.126937484";"618708.720024671";"50.3733370898116";"5.53549105964945";"Ourthe moyenne";"183,00 km²";"Ourthe / OU";"District de la Meuse";"Bomal";"Durbuy";"LUXEMBOURG";"Station appartenant à la DCENN";"1999-04-02 00:00:00: Active";"137.925";
"3276";"KAIN Amont Bar-Ecl";"Escaut";"79602.0";"146571.0";"579605.042403362";"646563.209536135";"50.6255555594853";"3.37379483697375";"Escaut (NA)";"";"Escaut-Lys / EL";"District de l'Escaut";"";"Tournai";"HAINAUT";"Direction de la Gestion hydrologique";"1979-01-01 00:00:00: Active";"14.0";
"3274";"KAIN Aval Bar-Ecluse";"Escaut";"79390.0";"146943.0";"579392.999742153";"646935.181297582";"50.6288739773361";"3.37072832778531";"Escaut (NA)";"";"Escaut-Lys / EL";"District de l'Escaut";"";"Tournai";"HAINAUT";"Direction de la Gestion hydrologique";"1980-01-01 00:00:00: Active";"12.454";
"5291";"KELMIS (LA CALAMINE)";"Gueule";"265341.0";"156616.0";"765341.34293701";"656630.262744988";"50.7086806864066";"6.00185296905441";"Gueule";"";"Meuse aval / MA";"District de la Meuse";"";"Kelmis";"LIEGE";"Direction de la Gestion hydrologique";"1967-09-07 00:00:00: Active";"172.834";
"7474";"LA BUISSIERE Av B-E";"Haute Sambre";"137642.0";"111503.0";"637648.759030375";"611502.410774485";"50.3143913446988";"4.19523368695653";"Haute Sambre (NA)";"";"Sambre / SA";"District de la Meuse";"";"Merbes-le-Château";"HAINAUT";"Direction de la Gestion hydrologique";"1982-05-20 00:00:00: Active";"118.0";
"L8000";"La Hulpe";"Argentine";"159688.0";"157883.0";"659689.05";"657884.66";"50.7314023260922";"4.50597721170342";"Dyle";"13,07 km²";"Dyle-Gette / DG";"District de l'Escaut";"La Hulpe";"La Hulpe";"BRABANT WALLON";"Station appartenant à la Province du Brabant Wallon";"2016-03-01 00:00:00: Active<br>2022-05-18 00:00:00: Active";"9999.0";
"9531";"LACUISINE";"Moyenne Semois";"219066.0";"44528.0";"719080.086338848";"544537.668218783";"49.7083650785944";"5.32626941398789";"Moyenne Semois";"";"Semois-Chiers / SC";"District de la Meuse";"";"Florenville";"LUXEMBOURG";"Direction de la Gestion hydrologique";"1974-01-01 00:00:00: Active";"295.624";
"6753";"LASNENVILLE";"Amblève";"266668.0";"120042.0";"766672.690040462";"620056.722760057";"50.3796926391613";"6.00919200157931";"Amblève";"196,23 km²";"Amblève / AM";"District de la Meuse";"";"Malmédy";"LIEGE";"Direction de la Gestion hydrologique";"1996-11-13 00:00:00: Active";"315.468";
"L6030";"Latour";"Vire";"235528.0";"27785.0";"735543.949080296";"527796.770342844";"49.555718452645";"5.55076710013035";"Chiers";"125,00 km²";"Semois-Chiers / SC";"District de la Meuse";"Latour";"Virton";"LUXEMBOURG";"Station appartenant à la DCENN";"1983-10-12 00:00:00: Active";"205.96";
"L6270";"Lavaux-Sainte-Anne";"Wimbe";"202284.0";"90218.0";"702292.773445805";"590225.292021323";"50.12083806447";"5.09986331689282";"Basse Lesse";"93,00 km²";"Lesse / LE";"District de la Meuse";"Lavaux-Sainte-Anne";"Rochefort";"NAMUR";"Station appartenant à la DCENN";"1991-08-15 00:00:00: Active";"158.81";
"L6590";"Lens";"Dendre Orientale";"116909.0";"138443.0";"616912.713569755";"638439.721999562";"50.5557860638227";"3.90176457613475";"Dendre";"43,95 km²";"Dendre / DE";"District de l'Escaut";"Lens";"Lens";"HAINAUT";"Station appartenant à la DCENN";"1994-12-22 00:00:00: Active";"56.913";
"2707";"LESSINES Bief Amont";"Dendre Canalisée";"112294.0";"155703.0";"612295.693132224";"655699.033433014";"50.7106703879497";"3.83489033942828";"Dendre";"";"Dendre / DE";"District de l'Escaut";"";"Lessines";"HAINAUT";"Direction de la Gestion hydrologique";"1993-01-01 00:00:00: Active";"20.0";
"7102";"LIEGE";"Meuse moyenne";"235533.0";"145362.0";"735534.928393236";"645372.803895182";"50.6126560747225";"5.57729725359624";"Meuse moyenne (NA)";"";"Meuse aval / MA";"District de la Meuse";"";"Liège";"LIEGE";"Direction de la Gestion hydrologique";"2018-01-23 00:00:00: Active";"0.0";
"L6140";"Limelette";"Dyle";"164640.0";"152777.0";"664641.621183832";"652779.295562893";"50.6853967192762";"4.57591755648703";"Dyle";"286,00 km²";"Dyle-Gette / DG";"District de l'Escaut";"Limelette";"Ottignies-Louvain-la-Neuve";"BRABANT WALLON";"Station appartenant à la DCENN";"1993-01-25 00:00:00: Active";"48.556";
"L7500";"Limont";"Yerne";"216892.0";"150178.0";"716893.506845762";"650186.543255282";"50.6583801870278";"5.31480719429868";"Geer";"28,14 km²";"Meuse aval / MA";"District de la Meuse";"Limont";"Donceel";"LIEGE";"Station appartenant à la DCENN";"2011-03-15 00:00:00: Active";"135.34";
"5436";"LIXHE Aval";"Basse Meuse";"242573.0";"161861.0";"742572.90501828";"661872.507258327";"50.759883856723";"5.68087119300662";"Basse Meuse (NA)";"";"Meuse aval / MA";"District de la Meuse";"";"Visé";"LIEGE";"Direction de la Gestion hydrologique";"1995-12-14 00:00:00: Active";"46.0";
"5447";"LIXHE Bief Amont";"Basse Meuse";"243197.0";"160314.0";"743197.084200007";"660325.594296351";"50.7458794332347";"5.68932370705599";"Basse Meuse (NA)";"";"Meuse aval / MA";"District de la Meuse";"";"Visé";"LIEGE";"Direction de la Gestion hydrologique";"1981-07-03 00:00:00: Active";"52.0";
"L6090";"Lommersweiler";"Die Braunlauf";"277350.0";"104134.0";"777356.498037256";"604150.127621904";"50.2344944392825";"6.15395503810673";"Our";"64,00 km²";"Moselle / ML";"District du Rhin";"Lommersweiler";"Sankt Vith";"LIEGE";"Station appartenant à la DCENN";"1991-09-03 00:00:00: Active";"383.144";
"L6240";"Lorcé";"Lienne";"249530.0";"123011.0";"749534.477205902";"623023.655656251";"50.409535531348";"5.76906753968805";"Amblève";"147,00 km²";"Amblève / AM";"District de la Meuse";"Lorcé";"Stoumont";"LIEGE";"Station appartenant à la DCENN";"1992-09-15 00:00:00: Active";"190.15";
"8022";"LUSTIN";"Haute Meuse (aval Dinant)";"185873.0";"117480.0";"685878.656424878";"617485.112904044";"50.3671578984207";"4.87297844318265";"Haute Meuse (NA, aval Lesse)";"";"Meuse amont / MM";"District de la Meuse";"";"Profondeville";"NAMUR";"Direction de la Gestion hydrologique";"1997-10-04 00:00:00: Active";"81.0";
"6021";"MABOMPRE";"Ourthe Orientale";"246721.0";"92538.0";"746729.132976821";"592550.571808056";"50.1360840449774";"5.72174036077074";"Ourthe supérieure";"316,89 km²";"Ourthe / OU";"District de la Meuse";"";"Houffalize";"LUXEMBOURG";"Direction de la Gestion hydrologique";"1969-03-17 00:00:00: Active";"292.29";
"L7200";"Macquenoise";"Oise";"135948.0";"74007.0";"635959.244837106";"574006.511520129";"49.9772439107667";"4.17283367683181";"Oise";"32,21 km²";"Oise / OS";"District de la Seine";"Macquenoise";"Momignies";"HAINAUT";"Station appartenant à la DCENN";"2004-09-08 00:00:00: Active";"225.495";
"L6950";"Maffle";"Grande Hunelle";"110386.0";"144072.0";"610389.094764173";"644067.899244781";"50.605985163236";"3.80911657290653";"Dendre";"80,87 km²";"Dendre / DE";"District de l'Escaut";"Maffle";"Ath";"HAINAUT";"Station appartenant à la DCENN";"2003-07-03 00:00:00: Active";"34.282";
"L7680";"Maissin";"Haute Lesse";"208491.0";"74327.0";"708501.617994029";"574335.162290882";"49.9773939974425";"5.18421085382036";"Haute Lesse";"88,94 km²";"Lesse / LE";"District de la Meuse";"Paliseul";"Paliseul";"LUXEMBOURG";"Station appartenant à la DCENN";"2011-09-13 00:00:00: Active";"312.92";
"6933";"MALMEDY";"Warche";"267447.0";"125199.0";"767451.069004713";"625213.772997864";"50.4258890833322";"6.02175643323402";"Amblève";"183,08 km²";"Amblève / AM";"District de la Meuse";"";"Malmédy";"LIEGE";"Direction de la Gestion hydrologique";"1994-08-17 00:00:00: Active";"329.445";
"L6520";"Malmedy";"Warche";"267464.0";"125193.0";"767468.069579655";"625207.775073447";"50.425831750978";"6.02199374022001";"Amblève";"183,42 km²";"Amblève / AM";"District de la Meuse";"Malmédy";"Malmédy";"LIEGE";"Station appartenant à la DCENN";"1994-06-13 00:00:00: Active";"329.55";
"6991";"MALMEDY  Warchenne";"Warchenne";"268278.0";"124997.0";"768282.086228578";"625011.873703326";"50.4239065324628";"6.03338469739167";"Amblève";"30,45 km²";"Amblève / AM";"District de la Meuse";"";"Malmédy";"LIEGE";"Direction de la Gestion hydrologique";"1997-03-05 00:00:00: Active";"340.615";
"L5500";"Marbehan";"Mellier";"234016.0";"46840.0";"734029.687830782";"546851.432921905";"49.7272267586673";"5.53400894469937";"Haute Semois";"62,00 km²";"Semois-Chiers / SC";"District de la Meuse";"Marbehan";"Habay";"LUXEMBOURG";"Station appartenant à la DCENN";"1974-06-12 00:00:00: Active";"348.24";
"L7120";"Marche-en-Famenne";"Marchette";"219736.0";"106657.0";"719742.670826252";"606666.238414541";"50.2668168602146";"5.34691165269682";"Ourthe moyenne";"48,88 km²";"Ourthe / OU";"District de la Meuse";"Marche-en-Famenne";"Marche-en-Famenne";"LUXEMBOURG";"Station appartenant à la DCENN";"2003-12-19 00:00:00: Active";"174.697";
"L5990";"Marchin";"Hoyoux";"212846.0";"131678.0";"712849.744500466";"631686.212314748";"50.4925252814476";"5.25446666543287";"Hoyoux";"239,00 km²";"Meuse aval / MA";"District de la Meuse";"Marchin";"Marchin";"LIEGE";"Station appartenant à la DCENN";"1982-10-29 00:00:00: Active";"119.452";
"L7870";"Marchin (bis)";"Hoyoux";"211748.0";"132797.0";"711751.620086767";"632805.072302823";"50.5027014500271";"5.23917845545979";"Hoyoux";"248,83 km²";"Meuse aval / MA";"District de la Meuse";"Marchin";"Marchin";"LIEGE";"Station appartenant à la DCENN";"2014-02-25 00:00:00: Active";"87.69";
"L6870";"Marchipont";"Anneau";"99954.0";"118836.0";"599960.186954084";"618830.857745767";"50.3783191416963";"3.6651252736762";"Haine";"78,19 km²";"Haine / HN";"District de l'Escaut";"Marchipont";"Honnelles";"HAINAUT";"Station appartenant à la DCENN";"2003-03-06 00:00:00: Active";"34.201";
"5796";"MAREXHE";"Canal Albert";"238647.0";"150149.0";"738648.332516665";"650160.135655205";"50.6552207876055";"5.62243119498051";"Basse Meuse (affluents)";"";"Meuse aval / MA";"District de la Meuse";"";"Liège";"LIEGE";"Direction de la Gestion hydrologique";"1986-10-28 00:00:00: Active";"59.0";
"9111";"MARIEMBOURG";"Brouffe";"161419.0";"87044.0";"661428.483976672";"587046.444249141";"50.0945091292349";"4.52833035311158";"Eau Blanche";"80,05 km²";"Meuse amont / MM";"District de la Meuse";"";"Couvin";"NAMUR";"Direction de la Gestion hydrologique";"1980-07-15 00:00:00: Active";"155.921";
"L6461";"Marneffe";"Burdinale";"205042.0";"140746.0";"705044.727366723";"640753.208170581";"50.5748291354949";"5.14582827599042";"Mehaigne";"26,78 km²";"Meuse aval / MA";"District de la Meuse";"Marneffe";"Burdinne";"LIEGE";"Station appartenant à la DCENN";"2008-09-11 00:00:00: Active";"104.97";
"L5610";"Martelange";"Sûre";"248595.0";"58934.0";"748607.125151385";"558947.07244156";"49.8337043400059";"5.73926935709741";"Sûre";"209,00 km²";"Moselle / ML";"District du Rhin";"Martelange";"Martelange";"LUXEMBOURG";"Station appartenant à la DCENN";"1975-03-17 00:00:00: Active";"361.077";
"L6980";"Martilly";"Ruisseau de Neufchâteau";"221713.0";"55650.0";"721725.737719654";"555659.892670327";"49.8080367170406";"5.36503340891827";"Vierre";"65,94 km²";"Semois-Chiers / SC";"District de la Meuse";"Straimont";"Herbeumont";"LUXEMBOURG";"Station appartenant à la DCENN";"2003-08-11 00:00:00: Active";"352.47";
"L7130";"Martilly";"Vierre";"221540.0";"55377.0";"721552.771705669";"555386.874274074";"49.8056033519361";"5.36257944292355";"Vierre";"173,98 km²";"Semois-Chiers / SC";"District de la Meuse";"Straimont";"Herbeumont";"LUXEMBOURG";"Station appartenant à la DCENN";"2003-12-19 00:00:00: Active";"351.41";
"6621";"MARTINRIVE";"Amblève";"240021.0";"130556.0";"740024.656014982";"630567.460287143";"50.4788933403951";"5.63712368341341";"Amblève";"1067,53 km²";"Amblève / AM";"District de la Meuse";"";"Aywaille";"LIEGE";"Direction de la Gestion hydrologique";"1968-01-01 00:00:00: Active";"110.004";
"L8100";"Meeffe";"Rhée";"196266.0";"143493.0";"696268.471377149";"643499.13990099";"50.6002844747658";"5.02227789137665";"Mehaigne";"16,97 km²";"Meuse aval / MA";"District de la Meuse";"Meeffe";"Wasseiges";"LIEGE";"Station appartenant à la DCENN";"2016-07-12 00:00:00: Active";"137.54";
"9435";"MEMBRE Amont";"Basse Semois";"188812.0";"62815.0";"688824.151707645";"562820.908973371";"49.8755141630542";"4.90869340122139";"Basse Semois";"1224,72 km²";"Semois-Chiers / SC";"District de la Meuse";"";"Vresse-sur-Semois";"NAMUR";"Direction de la Gestion hydrologique";"1978-01-01 00:00:00: Active";"177.502";
"9434";"MEMBRE Pont";"Basse Semois";"188341.0";"61505.0";"688353.311823793";"561510.863476257";"49.8637673609492";"4.90200999678931";"Basse Semois";"1226,05 km²";"Semois-Chiers / SC";"District de la Meuse";"";"Vresse-sur-Semois";"NAMUR";"Direction de la Gestion hydrologique";"1929-01-01 00:00:00: Active";"175.59";
"5857";"MERY";"Ourthe inférieure";"236419.0";"138182.0";"736421.776720411";"638192.968395734";"50.5479856578983";"5.5881469901898";"Ourthe inférieure";"";"Ourthe / OU";"District de la Meuse";"";"Esneux";"LIEGE";"Direction de la Gestion hydrologique";"1994-04-26 00:00:00: Active";"75.147";
"L5703";"Mesvin";"By";"120908.0";"124476.0";"620913.34666152";"624473.310981026";"50.430433658938";"3.95928275821142";"Haine";"53,77 km²";"Haine / HN";"District de l'Escaut";"Mesvin";"Mons";"HAINAUT";"Station appartenant à la DCENN";"2014-03-01 00:00:00: Active";"36.63";
"L7860";"Modave";"Triffoys";"213736.0";"129153.0";"713740.038188444";"629161.339036014";"50.469730395768";"5.266578053538";"Hoyoux";"30,36 km²";"Meuse aval / MA";"District de la Meuse";"Modave";"Modave";"LIEGE";"Station appartenant à la DCENN";"2013-02-25 00:00:00: Active";"146.38";
"7228";"MODAVE";"Hoyoux";"215114.0";"126736.0";"715118.315028095";"626744.523048947";"50.4478510366644";"5.28556690664971";"Hoyoux";"93,98 km²";"Meuse aval / MA";"District de la Meuse";"";"Modave";"LIEGE";"Direction de la Gestion hydrologique";"1986-12-05 00:00:00: Active";"168.371";
"7242";"MOHA";"Mehaigne";"207779.0";"138112.0";"707782.018987757";"638119.555855567";"50.5508864825373";"5.18405740566467";"Mehaigne";"343,27 km²";"Meuse aval / MA";"District de la Meuse";"";"Wanze";"LIEGE";"Direction de la Gestion hydrologique";"1968-01-01 00:00:00: Active";"81.257";
"7394";"MONCEAU Aval Bar-Ecl";"Basse Sambre";"150824.0";"120482.0";"650829.582198297";"620482.909982597";"50.3952443756497";"4.38033466447232";"Basse Sambre (NA)";"";"Sambre / SA";"District de la Meuse";"";"Charleroi";"HAINAUT";"Direction de la Gestion hydrologique";"1995-07-27 00:00:00: Active";"100.0";
"L9170";"Mont-Saint-Guibert";"Orne";"167811.0";"146893.0";"667813.3";"646895.72";"50.6324118538743";"4.62050634142734";"Dyle";"31,31 km²";"Dyle-Gette / DG";"District de l'Escaut";"Mont-Saint-Guibert";"Mont-Saint-Guibert";"BRABANT WALLON";"Station appartenant à la DCENN";"2023-09-12 15:00:00: Active";"0.0";
"L7280";"Monteneau";"Amblève";"274687.0";"117920.0";"774691.876800511";"617935.696059702";"50.3589723412471";"6.12120070646239";"Amblève";"109,14 km²";"Amblève / AM";"District de la Meuse";"Amel";"Amel";"LIEGE";"Station appartenant à la DCENN";"2006-02-20 00:00:00: Active";"417.2";
"L7950";"Moustier-en-Fagne";"Helpe";"137500.0";"87405.0";"637509.63410731";"587404.588406522";"50.0977347937249";"4.19403300465";"Haute Sambre (affluents)";"68,50 km²";"Sambre / SA";"District de la Meuse";"Moustier-en-Fagne";"Moustier-en-Fagne";"NORD";"Station appartenant à la Province du Hainaut";"2014-04-15 00:00:00: Active";"181.68";
"8001";"NAMUR";"Haute Meuse (aval Dinant)";"185587.0";"127947.0";"685591.41";"627951.99";"50.4612749931291";"4.86995296926426";"Haute Meuse (NA, aval Lesse)";"";"Meuse amont / MM";"District de la Meuse";"";"";"";"Direction de la Gestion hydrologique";"2021-04-28 00:00:00: Active";"0.0";
"L8220";"Natoye";"Bocq";"199601.0";"114232.0";"699606.932015745";"614238.775986037";"50.3369587244032";"5.06550146904747";"Bocq";"17,41 km²";"Meuse amont / MM";"District de la Meuse";"Natoye";"Hamois";"NAMUR";"Station appartenant à la DCENN";"2016-03-10 00:00:00: Active";"189.86";
"L7220";"Nethen";"Nethen";"169852.0";"165133.0";"669852.11";"665135.82";"50.7963189512348";"4.65033558353466";"Dyle";"56,43 km²";"Dyle-Gette / DG";"District de l'Escaut";"Sint-Joris-Weert";"Oud-Heverlee";"VLAAMS BRABANT";"Station appartenant à la DCENN";"2004-09-13 00:00:00: Active";"29.265";
"7133";"NEUVILLE Bief Aval";"Meuse moyenne";"216627.0";"136114.0";"716630.184966105";"636122.626669627";"50.5319846049749";"5.30854044247458";"Meuse moyenne (NA)";"";"Meuse aval / MA";"District de la Meuse";"";"Amay";"LIEGE";"Direction de la Gestion hydrologique";"1967-06-26 00:00:00: Active<br>2020-08-12 00:00:00: Inactive<br>2023-11-15 10:55:00: Active";"63.0";
"L7750";"Nil Saint-Vincent";"Nil";"169808.0";"146835.0";"669810.287560363";"646837.959583652";"50.631825989555";"4.64873044086807";"Dyle";"31,31 km²";"Dyle-Gette / DG";"District de l'Escaut";"Nil-Saint-Vincent-Saint-Martin";"Walhain";"BRABANT WALLON";"Station appartenant à la DCENN";"2012-03-05 00:00:00: Active";"125.59";
"9081";"NISMES";"Eau Blanche";"163437.0";"86052.0";"663446.585955318";"586054.692988135";"50.0855478597689";"4.55649808893709";"Eau Blanche";"248,91 km²";"Meuse amont / MM";"District de la Meuse";"";"Viroinval";"NAMUR";"Direction de la Gestion hydrologique";"1968-01-01 00:00:00: Active";"150.617";
"5991";"NISRAMONT";"Ourthe supérieure";"243246.0";"92890.0";"743254.11956458";"592902.154566668";"50.1398075641211";"5.67322647155978";"Ourthe supérieure";"728,71 km²";"Ourthe / OU";"District de la Meuse";"";"La Roche-en-Ardenne";"LUXEMBOURG";"Direction de la Gestion hydrologique";"1969-03-24 00:00:00: Active";"259.376";
"5997";"NISRAMONT (LAC) Amt";"Ourthe supérieure";"242584.0";"93290.0";"742592.077309124";"593302.072339311";"50.1435074937591";"5.66406483366671";"Ourthe supérieure";"";"Ourthe / OU";"District de la Meuse";"";"La Roche-en-Ardenne";"LUXEMBOURG";"Direction de la Gestion hydrologique";"2013-02-13 00:00:00: Active";"0.0";
"L7760";"Nivelles";"Thines";"145481.0";"143171.0";"645483.920530101";"643171.08977938";"50.5992068567645";"4.30491788102512";"Sennette";"34,09 km²";"Senne / SN";"District de l'Escaut";"Nivelles";"Nivelles";"BRABANT WALLON";"Station appartenant à la DCENN";"2012-08-01 00:00:00: Active";"82.62";
"L6640";"Noirhat";"Dyle";"161878.0";"146765.0";"661880.359974544";"646767.015052339";"50.6314123551909";"4.53664005812116";"Dyle";"52,22 km²";"Dyle-Gette / DG";"District de l'Escaut";"Court-Saint-Etienne";"Court-Saint-Etienne";"BRABANT WALLON";"Station appartenant à la DCENN";"1996-06-07 00:00:00: Active";"9999.0";
"L7570";"Obourg";"Haine";"124273.0";"128727.0";"624277.812833178";"628724.67798982";"50.4688078198676";"4.00635212254363";"Haine";"236,10 km²";"Haine / HN";"District de l'Escaut";"Obourg";"Mons";"HAINAUT";"Station appartenant à la DCENN";"2012-08-02 00:00:00: Active";"36.5";
"L5530";"Ochamps";"Haute Lesse";"215429.0";"68645.0";"715440.239009362";"568654.03639929";"49.9255867356293";"5.27995716032691";"Haute Lesse";"10,00 km²";"Lesse / LE";"District de la Meuse";"Ochamps";"Libin";"LUXEMBOURG";"Station appartenant à la DCENN";"1974-10-01 00:00:00: Active";"409.52";
"2473";"OISQUERCQ";"Canal Charleroi-Bruxelles (Senne)";"139606.0";"150704.0";"639608.069947633";"650703.328805379";"50.6668538293959";"4.22172411130213";"Sennette";"";"Senne / SN";"District de l'Escaut";"";"Tubize";"BRABANT WALLON";"Direction de la Gestion hydrologique";"1993-09-01 00:00:00: Active";"39.0";
"L8740";"Olloy - Noyé";"Ruisseau de Noyé";"166988.0";"84250.0";"666997.772117718";"584253.13115516";"50.0692551541153";"4.60603562351394";"";"0,00 km²";"";"";"Olloy-sur-Viroin";"Viroinval";"";"Station appartenant à la Province de Namur";"2021-03-01 00:00:00: Active";"146.079";
"L6380";"Olloy-sur-Viroin";"Viroin";"166439.0";"84824.0";"666448.708104046";"584827.061012392";"50.0744313125907";"4.59839191347568";"Viroin";"491,00 km²";"Meuse amont / MM";"District de la Meuse";"Olloy-sur-Viroin";"Viroinval";"NAMUR";"Station appartenant à la DCENN";"1992-01-29 00:00:00: Active";"136.46";
"L5183";"Onoz";"Orneau";"171179.0";"130329.0";"671183.243826445";"630332.256827486";"50.4833881428119";"4.66716917882654";"Basse Sambre (affluents)";"202,91 km²";"Sambre / SA";"District de la Meuse";"Onoz";"Jemeppe-sur-Sambre";"NAMUR";"Station appartenant à la DCENN";"1998-07-02 00:00:00: Active";"96.385";
"L6280";"Opheylissem";"Petite Gette";"193349.0";"158899.0";"693349.659251988";"658904.666898848";"50.7390020347794";"4.98287767780707";"Gette";"134,00 km²";"Dyle-Gette / DG";"District de l'Escaut";"Opheylissem";"Hélécine";"BRABANT WALLON";"Station appartenant à la DCENN";"1991-08-22 00:00:00: Active";"51.258";
"L5550";"Opont";"Eau d'Our";"204130.0";"72555.0";"704140.8649615";"572562.656630508";"49.9618782850091";"5.1231637149597";"Haute Lesse";"70,30 km²";"Lesse / LE";"District de la Meuse";"Opont";"Paliseul";"LUXEMBOURG";"Station appartenant à la DCENN";"1974-08-19 00:00:00: Active";"304.1";
"L7231";"Orp-le-Grand";"Ruisseau de Petit Hallet";"193851.0";"153663.0";"693852.279073058";"653668.769315892";"50.6918954298755";"4.98936852245036";"Gette";"73,13 km²";"Dyle-Gette / DG";"District de l'Escaut";"Orp-le-Grand";"Orp-Jauche";"BRABANT WALLON";"Station appartenant à la DCENN";"2004-09-13 00:00:00: Active";"70.26";
"6122";"ORTHO";"Ourthe Occidentale";"241396.0";"89185.0";"741404.576537125";"589196.964482711";"50.1067917706187";"5.64645838373409";"Ourthe supérieure";"378,58 km²";"Ourthe / OU";"District de la Meuse";"";"Bertogne";"LUXEMBOURG";"Direction de la Gestion hydrologique";"1981-11-05 00:00:00: Active";"293.113";
"L9120";"Otrange";"Geer";"221327.0";"158495.0";"721327.48";"658504.0";"50.7326167175799";"5.37912577236794";"Geer";"";"Meuse aval / MA";"District de la Meuse";"";"";"";"Station appartenant à la DCENN";"2023-09-15 10:00:00: Active";"94.677";
"L6330";"Ouren";"Our";"276730.0";"93821.0";"776737.732618867";"593837.139152606";"50.1419350217663";"6.14181425505029";"Our";"382,00 km²";"Moselle / ML";"District du Rhin";"Burg-Reuland";"Burg-Reuland";"LIEGE";"Station appartenant à la DCENN";"1991-09-03 00:00:00: Active";"325.046";
"L7310";"Papignies";"Trimpont";"111160.0";"152651.0";"611162.065968248";"652646.922734175";"50.6831597948863";"3.81915463115013";"Dendre";"32,19 km²";"Dendre / DE";"District de l'Escaut";"Papignies";"Lessines";"HAINAUT";"Station appartenant à la DCENN";"2006-03-29 00:00:00: Active";"21.37";
"2713";"PAPIGNIES Bief Aval";"Dendre Canalisée";"111830.0";"152661.0";"611832.059418123";"652657.002512661";"50.6832938335524";"3.82863392601291";"Dendre";"";"Dendre / DE";"District de l'Escaut";"";"Lessines";"HAINAUT";"Direction de la Gestion hydrologique";"1993-01-01 00:00:00: Active";"20.0";
"L6910";"Pecq";"Rieu du Pas à Wasmes";"76698.0";"151998.0";"576700.418537968";"651989.820105343";"50.6739824873243";"3.33168652623493";"Escaut (affluents)";"40,59 km²";"Escaut-Lys / EL";"District de l'Escaut";"Pecq";"Pecq";"HAINAUT";"Station appartenant à la DCENN";"2003-05-09 00:00:00: Active";"13.129";
"9214";"PETIGNY";"Ry de Rome";"161926.0";"79240.0";"661936.41070174";"579242.568053799";"50.0243363691681";"4.5351705802585";"Eau Noire";"";"Meuse amont / MM";"District de la Meuse";"";"Couvin";"NAMUR";"Direction de la Gestion hydrologique";"2003-10-15 00:00:00: Active";"";
"9221";"PETIGNY  Ry de Rome";"Ry de Rome";"163095.0";"77963.0";"663105.553557827";"577965.717862001";"50.0128305457841";"4.55144017495415";"Eau Noire";"6,40 km²";"Meuse amont / MM";"District de la Meuse";"";"Couvin";"NAMUR";"Direction de la Gestion hydrologique";"1975-09-18 00:00:00: Active";"280.138";
"9216";"PETIGNY (Lac)";"Ry de Rome";"161863.0";"79083.0";"661873.42993914";"579085.5618134";"50.0229261131748";"4.53428649901766";"Eau Noire";"";"Meuse amont / MM";"District de la Meuse";"";"Couvin";"NAMUR";"Direction de la Gestion hydrologique";"2001-08-09 00:00:00: Active";"0.0";
"9223";"PETIGNY Ermitage";"Ry de l'Ermitage";"162454.0";"78028.0";"662464.550996161";"578030.640873596";"50.0134288209524";"4.54249918430046";"Eau Noire";"1,36 km²";"Meuse amont / MM";"District de la Meuse";"";"Couvin";"NAMUR";"Direction de la Gestion hydrologique";"1975-09-26 00:00:00: Active";"280.127";
"9224";"PETIGNY Fd Serpents";"Ry du Font Aux Serpents";"162748.0";"78990.0";"662758.43386526";"578992.668132964";"50.0220715129076";"4.54663334897583";"Eau Noire";"1,69 km²";"Meuse amont / MM";"District de la Meuse";"";"Couvin";"NAMUR";"Direction de la Gestion hydrologique";"1975-12-29 00:00:00: Active";"281.065";
"3891";"PLOEGSTEERT";"Lys";"46872.0";"154930.0";"546874.305399923";"654918.241248238";"50.695831696389";"2.90899156949704";"Lys";"";"Escaut-Lys / EL";"District de l'Escaut";"";"Comines-Warneton";"HAINAUT";"Direction de la Gestion hydrologique";"1990-01-01 00:00:00: Active";"12.499";
"6517";"POLLEUR";"Hoegne";"257072.0";"137313.0";"757074.710800197";"637326.436657942";"50.536759825471";"5.879244999171";"Vesdre";"";"Vesdre / VE";"District de la Meuse";"";"Theux";"LIEGE";"Direction de la Gestion hydrologique";"2004-03-25 00:00:00: Active";"213.814";
"8017";"PROFONDEVILLE";"Haute Meuse (aval Dinant)";"186116.0";"119470.0";"686121.417213912";"619475.125676882";"50.3850334355129";"4.87658552190183";"Haute Meuse (NA, aval Lesse)";"";"Meuse amont / MM";"District de la Meuse";"";"Profondeville";"NAMUR";"Direction de la Gestion hydrologique";"1993-09-01 00:00:00: Active";"81.0";
"L6001";"Profondeville";"Burnot";"185297.0";"116813.0";"685302.740619786";"616818.049663357";"50.3611963685071";"4.8648196735136";"Burnot";"66,97 km²";"Meuse amont / MM";"District de la Meuse";"Profondeville";"Profondeville";"NAMUR";"Station appartenant à la DCENN";"1991-07-30 00:00:00: Active";"89.199";
"L7970";"Rebecq";"Senne";"133294.0";"150292.0";"633296.169767001";"650290.579823593";"50.6630040481969";"4.13245840881994";"Senne";"164,84 km²";"Senne / SN";"District de l'Escaut";"Rebecq";"Rebecq";"BRABANT WALLON";"Station appartenant à la DCENN";"2015-03-05 00:00:00: Active";"43.54";
"6651";"REMOUCHAMPS";"Amblève";"245200.0";"130754.0";"745203.589940568";"630766.075879121";"50.4798545071661";"5.71012964639935";"Amblève";"";"Amblève / AM";"District de la Meuse";"";"Aywaille";"LIEGE";"Direction de la Gestion hydrologique";"1967-04-04 00:00:00: Active";"126.268";
"L7070";"Rensiwé";"Ruisseau de Martin moulin";"246925.0";"92416.0";"746933.145846267";"592428.5971373";"50.1349539051743";"5.72456224082782";"Ourthe supérieure";"76,64 km²";"Ourthe / OU";"District de la Meuse";"Wibrin";"Houffalize";"LUXEMBOURG";"Station appartenant à la DCENN";"2003-10-15 00:00:00: Active";"294.32";
"L5021";"Resteigne";"Haute Lesse";"207730.0";"86925.0";"707739.121714529";"586932.968409383";"50.0907260785366";"5.17551185617744";"Haute Lesse";"345,20 km²";"Lesse / LE";"District de la Meuse";"Resteigne";"Tellin";"LUXEMBOURG";"Station appartenant à la DCENN";"1992-06-09 00:00:00: Active";"178.81";
"9914";"REULAND";"Our";"277320.0";"98989.0";"777327.111621508";"599005.166670381";"50.1882579336064";"6.15180238357024";"Our";"356,87 km²";"Moselle / ML";"District du Rhin";"";"Burg-Reuland";"LIEGE";"Direction de la Gestion hydrologique";"1967-04-03 00:00:00: Active";"344.257";
"L6080";"Reuland";"Ulf";"277217.0";"99906.0";"777224.00315413";"599922.14679366";"50.1965221352176";"6.15066871880674";"Our";"57,00 km²";"Moselle / ML";"District du Rhin";"Reuland";"Burg-Reuland";"LIEGE";"Station appartenant à la DCENN";"1991-09-03 00:00:00: Active";"351.178";
"L5201";"Rhisnes";"Houyoux";"183172.0";"130635.0";"683176.110176587";"630639.683913043";"50.485582090877";"4.83617977814837";"Houyoux";"46,00 km²";"Meuse amont / MM";"District de la Meuse";"Rhisnes";"La Bruyère";"NAMUR";"Station appartenant à la DCENN";"1992-06-03 00:00:00: Active";"104.357";
"L8920";"Riconvert";"Brule";"145376.0";"105107.0";"645383.46";"605107.38";"50.2569992527835";"4.30389940295274";"";"";"";"";"Clermont";"";"";"Station appartenant à la Province de Namur";"2021-07-09 00:00:00: Active";"175.978";
"L7670";"Roannay (La Gleize)";"Amblève";"255524.0";"122167.0";"755528.528528371";"622180.377014011";"50.4009018935498";"5.85313984952842";"Amblève";"776,12 km²";"Amblève / AM";"District de la Meuse";"Stoumont";"Stoumont";"LIEGE";"Station appartenant à la DCENN";"2011-08-24 00:00:00: Active";"211.502";
"L6650";"Rochefort";"Lhomme";"211155.0";"94457.0";"711163.195567688";"594465.315195962";"50.1580940199611";"5.22458587168085";"Lhomme";"424,87 km²";"Lesse / LE";"District de la Meuse";"Rochefort";"Rochefort";"NAMUR";"Station appartenant à la DCENN";"1996-07-04 00:00:00: Active";"0.0";
"L5060";"Romedenne";"Hermeton";"174509.0";"94935.0";"674517.436813169";"594938.941305619";"50.1650542037902";"4.7117812788986";"Hermeton";"115,00 km²";"Meuse amont / MM";"District de la Meuse";"Romedenne";"Philippeville";"NAMUR";"Station appartenant à la DCENN";"1969-02-01 00:00:00: Active";"149.91";
"2371";"RONQUIERES";"Samme";"139811.0";"143926.0";"639813.876162524";"643925.407863014";"50.6059234827651";"4.22480885387823";"Sennette";"135,00 km²";"Senne / SN";"District de l'Escaut";"";"Braine-le-Comte";"HAINAUT";"Direction de la Gestion hydrologique";"1971-09-06 00:00:00: Active";"57.488";
"2492";"RONQUIERES Anc Canal";"Ancien canal Charleroi-Bruxelles";"140336.0";"143393.0";"640338.935470695";"643392.474736547";"50.6011406709453";"4.23223927922836";"Sennette";"";"Senne / SN";"District de l'Escaut";"";"Braine-le-Comte";"HAINAUT";"Direction de la Gestion hydrologique";"2019-09-25 00:00:00: Active";"";
"2483";"RONQUIERES Bief Aval";"Canal Charleroi-Bruxelles (Senne)";"139798.0";"144161.0";"639800.848256522";"644160.404419293";"50.6080359106125";"4.22461878987814";"Sennette";"";"Senne / SN";"District de l'Escaut";"";"Braine-le-Comte";"HAINAUT";"Direction de la Gestion hydrologique";"1994-01-01 00:00:00: Active";"52.0";
"L5670";"Ronquières";"Sennette";"139667.0";"144334.0";"639669.828689528";"644333.387410508";"50.6095888926416";"4.22276329365557";"Sennette";"61,14 km²";"Senne / SN";"District de l'Escaut";"Ronquières";"Braine-le-Comte";"HAINAUT";"Station appartenant à la DCENN";"1977-07-01 00:00:00: Active";"55.56";
"L7530";"Rosières";"Lasne";"163103.0";"158162.0";"663103.991874904";"658164.068828101";"50.7338434450631";"4.55435906499207";"Dyle";"106,14 km²";"Dyle-Gette / DG";"District de l'Escaut";"Rosières";"Rixensart";"BRABANT WALLON";"Station appartenant à la DCENN";"2011-05-09 00:00:00: Active";"9999.0";
"L5600";"Ruette";"Vire";"238786.0";"27460.0";"738801.961064484";"527472.161821544";"49.5523215422849";"5.59571172138279";"Chiers";"104,00 km²";"Semois-Chiers / SC";"District de la Meuse";"Ruette";"Virton";"LUXEMBOURG";"Station appartenant à la DCENN";"1975-07-01 00:00:00: Active";"215.01";
"3778";"SAINT-DENIS";"Obrecheuil";"125253.0";"131161.0";"625257.514786271";"631158.775246949";"50.4907319333999";"4.0199956321724";"Haine";"29,36 km²";"Haine / HN";"District de l'Escaut";"";"Mons";"HAINAUT";"Direction de la Gestion hydrologique";"2009-03-17 00:00:00: Active";"49.063";
"L5570";"Saint-Martin";"Ligne";"169937.0";"132807.0";"669940.958497326";"632810.088680746";"50.505709411986";"4.64980146228183";"Basse Sambre (affluents)";"91,20 km²";"Sambre / SA";"District de la Meuse";"Saint-Martin";"Jemeppe-sur-Sambre";"NAMUR";"Station appartenant à la DCENN";"1974-08-06 00:00:00: Active";"114.35";
"L5720";"Saint-Rémy-Geest";"Grande Gette";"185522.0";"159384.0";"685522.664943121";"659388.730347745";"50.7438920392543";"4.87204267566791";"Gette";"135,00 km²";"Dyle-Gette / DG";"District de l'Escaut";"Saint-Remy-Geest";"Jodoigne";"BRABANT WALLON";"Station appartenant à la DCENN";"1978-01-21 00:00:00: Active";"55.426";
"9571";"SAINTE-MARIE";"Haute Semois";"236226.0";"42165.0";"736240.227447184";"542176.735112889";"49.6848851323871";"5.56361171961019";"Haute Semois";"142,71 km²";"Semois-Chiers / SC";"District de la Meuse";"";"Etalle";"LUXEMBOURG";"Direction de la Gestion hydrologique";"1968-06-28 00:00:00: Active";"328.341";
"5826";"SAUHEID";"Ourthe inférieure";"236544.0";"143595.0";"736546.130667743";"643605.938863509";"50.5966239535568";"5.5911684943194";"Ourthe inférieure";"2903,80 km²";"Ourthe / OU";"District de la Meuse";"";"Liège";"LIEGE";"Direction de la Gestion hydrologique";"1972-01-21 00:00:00: Active";"67.234";
"9926";"SCHOENBERG";"Our";"285005.0";"110419.0";"785010.685562577";"610435.988011232";"50.2892765219077";"6.26346725492582";"Our";"100,50 km²";"Moselle / ML";"District du Rhin";"";"Sankt Vith";"LIEGE";"Direction de la Gestion hydrologique";"1967-04-03 00:00:00: Active";"419.042";
"L8140";"Seneffe";"Samme";"142289.0";"134717.0";"642292.953941033";"634716.777503995";"50.5231714107041";"4.26000480513926";"Sennette";"16,30 km²";"Senne / SN";"District de l'Escaut";"Seneffe";"Seneffe";"HAINAUT";"Station appartenant à la Province du Hainaut";"2017-10-01 00:00:00: Active";"112.03";
"7831";"SILENRIEUX (BARRAGE)";"Eau d'Heure";"152096.0";"100666.0";"652103.934770644";"600667.221973445";"50.2170862065464";"4.3981116569485";"Eau d'heure";"78,46 km²";"Sambre / SA";"District de la Meuse";"";"Cerfontaine";"NAMUR";"Direction de la Gestion hydrologique";"1983-01-01 00:00:00: Active";"182.43";
"7836";"SILENRIEUX (LAC)";"Eau d'Heure";"152053.0";"100468.0";"652060.958730112";"600469.218448331";"50.2153062340877";"4.39750805489649";"Eau d'heure";"";"Sambre / SA";"District de la Meuse";"";"Cerfontaine";"NAMUR";"Direction de la Gestion hydrologique";"1997-05-28 00:00:00: Active";"0.0";
"7863";"SILENRIEUX (RY)";"Ry Jaune";"154000.0";"99564.0";"654008.050808634";"599565.457955452";"50.207168627191";"4.42477809477408";"Eau d'heure";"7,38 km²";"Sambre / SA";"District de la Meuse";"";"Cerfontaine";"NAMUR";"Direction de la Gestion hydrologique";"1981-01-01 00:00:00: Active";"210.5";
"L6660";"Sippenaeken";"Gueule";"260928.0";"161171.0";"760927.836611798";"661184.699496442";"50.750476138336";"5.94075456142575";"Gueule";"121,00 km²";"Meuse aval / MA";"District de la Meuse";"Sippenaeken";"Plombières";"LIEGE";"Station appartenant à la DCENN";"1996-06-13 00:00:00: Active";"127.414";
"L8080";"Soignies";"Senne";"128645.0";"142380.0";"628648.150151781";"642378.089355451";"50.5917246846823";"4.06715669278872";"Senne";"40,46 km²";"Senne / SN";"District de l'Escaut";"Soignies";"Soignies";"HAINAUT";"Station appartenant à la Province du Hainaut";"2016-05-17 00:00:00: Active";"70.14";
"8166";"SOSOYE";"Molignée";"179075.0";"109790.0";"679081.628429571";"609794.364981856";"50.2983987885206";"4.77683244332755";"Molignée";"50,59 km²";"Meuse amont / MM";"District de la Meuse";"";"Anhée";"NAMUR";"Direction de la Gestion hydrologique";"1998-11-20 00:00:00: Active<br>2023-04-12 00:00:00: Active";"147.802";
"7883";"SOUMOY";"Ruisseau de Soumoy";"154900.0";"97589.0";"654908.279066343";"597590.581281504";"50.1894054201345";"4.4373601580152";"Eau d'heure";"15,10 km²";"Sambre / SA";"District de la Meuse";"";"Cerfontaine";"NAMUR";"Direction de la Gestion hydrologique";"1981-01-01 00:00:00: Active";"212.67";
"L6600";"Spiennes";"Trouille";"122730.0";"123571.0";"622735.43994623";"623568.535495743";"50.4223848796252";"3.9849922496579";"Haine";"93,03 km²";"Haine / HN";"District de l'Escaut";"Spiennes";"Mons";"HAINAUT";"Station appartenant à la DCENN";"1996-04-10 00:00:00: Active";"38.14";
"L6790";"Spixhe";"Wayai";"252933.0";"135496.0";"752935.961338537";"635508.9584053";"50.5211704533669";"5.82036877251458";"Vesdre";"93,78 km²";"Vesdre / VE";"District de la Meuse";"Theux";"Theux";"LIEGE";"Station appartenant à la DCENN";"2002-03-29 00:00:00: Active";"172.132";
"L7470";"Spontin";"Bocq";"196715.0";"112080.0";"696721.212067171";"612086.449478007";"50.3178486810868";"5.02469602672326";"Bocq";"164,35 km²";"Meuse amont / MM";"District de la Meuse";"Spontin";"Yvoir";"NAMUR";"Station appartenant à la DCENN";"2011-04-01 00:00:00: Active";"189.85";
"L6850";"Sprimont";"Ruisseau de Laval";"234449.0";"81279.0";"734458.576344647";"581290.201122363";"50.0367553171708";"5.54760069743014";"Ourthe supérieure";"73,87 km²";"Ourthe / OU";"District de la Meuse";"Amberloup";"Sainte-Ode";"LUXEMBOURG";"Station appartenant à la DCENN";"2003-03-04 00:00:00: Active";"377.02";
"6732";"STAVELOT";"Amblève";"257829.0";"119662.0";"757833.808128413";"619675.672397992";"50.3779667667339";"5.88483537967308";"Amblève";"471,67 km²";"Amblève / AM";"District de la Meuse";"";"Trois-Ponts";"LIEGE";"Direction de la Gestion hydrologique";"1996-11-13 00:00:00: Active";"245.253";
"L6510";"Stavelot";"Amblève";"257828.0";"119661.0";"757832.808255831";"619674.672287053";"50.3779579618661";"5.88482103628497";"Amblève";"491,63 km²";"Amblève / AM";"District de la Meuse";"Stavelot";"Stavelot";"LIEGE";"Station appartenant à la DCENN";"1994-06-13 00:00:00: Active";"245.58";
"L7161";"Stavelot";"Eau rouge";"262220.0";"121682.0";"762224.53";"621696.18";"50.395300453535";"5.94715908328871";"Amblève";"";"Amblève / AM";"District de la Meuse";"Stavelot";"Stavelot";"LIEGE";"Station appartenant à la DCENN";"2021-08-16 00:00:00: Active";"279.35";
"L5660";"Steenkerque";"Senne";"128947.0";"147983.0";"628949.48";"647981.08";"50.6421062498161";"4.07110525565506";"Senne";"145,30 km²";"Senne / SN";"District de l'Escaut";"Steenkerque";"Braine-le-Comte";"HAINAUT";"Station appartenant à la DCENN";"1977-03-01 00:00:00: Active";"52.53";
"L5661";"Steenkerque";"Senne";"128684.0";"147787.0";"628686.505343025";"647785.050512326";"50.6403347155446";"4.06739826403833";"Senne";"115,22 km²";"Senne / SN";"District de l'Escaut";"Steenkerque";"Braine-le-Comte";"HAINAUT";"Station appartenant à la DCENN";"1996-06-06 00:00:00: Active";"52.936";
"9651";"STRAIMONT";"Vierre";"222913.0";"53997.0";"722925.925086248";"554007.049409885";"49.7930305219234";"5.38138935832895";"Vierre";"182,21 km²";"Semois-Chiers / SC";"District de la Meuse";"";"Herbeumont";"LUXEMBOURG";"Direction de la Gestion hydrologique";"1970-01-01 00:00:00: Active";"346.61";
"5811";"STREUPAS";"Ourthe inférieure";"237626.0";"144478.0";"737628.016591226";"644489.060546046";"50.6043998321945";"5.60665677962622";"Ourthe inférieure";"";"Ourthe / OU";"District de la Meuse";"";"Liège";"LIEGE";"Direction de la Gestion hydrologique";"2017-06-07 00:00:00: Active";"64.015";
"L7140";"Suxy";"Vierre";"223997.0";"51426.0";"724010.222924778";"551436.199861597";"49.7697838553042";"5.39594831109723";"Vierre";"219,78 km²";"Semois-Chiers / SC";"District de la Meuse";"Suxy";"Chiny";"LUXEMBOURG";"Station appartenant à la DCENN";"2003-12-19 00:00:00: Active";"338.206";
"L5460";"Suzeryl";"Thyle";"163837.0";"146834.0";"663839.335931751";"646836.247969859";"50.6319893948985";"4.5643322271728";"Dyle";"68,00 km²";"Dyle-Gette / DG";"District de l'Escaut";"Court-Saint-Etienne";"Court-Saint-Etienne";"BRABANT WALLON";"Station appartenant à la DCENN";"1973-04-01 00:00:00: Active";"65.532";
"5921";"TABREUX";"Ourthe moyenne";"232853.0";"125886.0";"732857.27132615";"625896.644332369";"50.4379714902009";"5.53511135031513";"Ourthe moyenne";"1607,00 km²";"Ourthe / OU";"District de la Meuse";"";"Hamoir";"LIEGE";"Direction de la Gestion hydrologique";"1970-12-18 00:00:00: Active";"109.9";
"6671";"TARGNON";"Amblève";"250013.0";"123454.0";"750017.42043862";"623466.709575428";"50.4134354089847";"5.77597957328469";"Amblève";"806,85 km²";"Amblève / AM";"District de la Meuse";"";"Stoumont";"LIEGE";"Direction de la Gestion hydrologique";"1968-06-12 00:00:00: Active";"185.68";
"L5860";"Theux";"Hoegne";"252201.0";"137368.0";"752203.744276727";"637380.855762232";"50.5381251156651";"5.81056109971605";"Vesdre";"189,00 km²";"Vesdre / VE";"District de la Meuse";"Theux";"Theux";"LIEGE";"Station appartenant à la DCENN";"1979-02-01 00:00:00: Active<br>2021-07-16 00:00:00: Closed<br>2024-10-24 16:00:00: Active";"0.0";
"L5580";"Thioux";"Warche";"265410.0";"120828.0";"765414.606729384";"620842.566331874";"50.3870059898828";"5.99175080797662";"Amblève";"192,00 km²";"Amblève / AM";"District de la Meuse";"Bellevaux-Ligneuville";"Malmédy";"LIEGE";"Station appartenant à la DCENN";"1975-07-01 00:00:00: Active";"298.705";
"L7560";"Thon";"Samson";"194731.0";"128043.0";"694735.325269727";"628049.082819692";"50.4615110879319";"4.99874272845155";"Samson";"111,71 km²";"Meuse amont / MM";"District de la Meuse";"Thon";"Andenne";"NAMUR";"Station appartenant à la DCENN";"2011-08-24 00:00:00: Active<br>2020-07-22 00:00:00: Inactive<br>2021-08-10 00:00:00: Active";"82.977";
"L6630";"Thuin";"Bieme l'Eau";"144080.0";"114089.0";"644086.398817608";"614089.157559477";"50.3377401079343";"4.28558512707619";"Haute Sambre (affluents)";"85,89 km²";"Sambre / SA";"District de la Meuse";"Thuin";"Thuin";"HAINAUT";"Station appartenant à la DCENN";"1996-08-14 00:00:00: Active";"117.537";
"L8590";"Thy-le-Bauduin";"Thyria";"161006.0";"109416.0";"661012.819371684";"609418.213576689";"50.2956532308351";"4.52321167110348";"Eau d'heure";"";"Sambre / SA";"District de la Meuse";"Thy-le-Bauduin";"Florennes";"NAMUR";"Station appartenant à la Province de Namur";"2020-04-30 00:00:00: Active";"196.462";
"L6060";"Thy-le-Château";"Thyria";"154019.0";"107979.0";"654026.047182221";"607980.392088047";"50.2828236865707";"4.42513485818542";"Eau d'heure";"50,00 km²";"Sambre / SA";"District de la Meuse";"Thy-le-Château";"Walcourt";"NAMUR";"Station appartenant à la DCENN";"1986-09-01 00:00:00: Active";"156.04";
"9561";"TINTIGNY";"Haute Semois";"232940.0";"42360.0";"732954.231184601";"542371.341436938";"49.687104683569";"5.51812528716196";"Haute Semois";"380,85 km²";"Semois-Chiers / SC";"District de la Meuse";"";"Tintigny";"LUXEMBOURG";"Direction de la Gestion hydrologique";"1974-01-01 00:00:00: Active";"325.737";
"L5220";"Tintigny";"Rulles";"232924.0";"43413.0";"732938.105678489";"543424.33085633";"49.696572855754";"5.51812959333223";"Haute Semois";"219,00 km²";"Semois-Chiers / SC";"District de la Meuse";"Tintigny";"Tintigny";"LUXEMBOURG";"Station appartenant à la DCENN";"1971-02-03 00:00:00: Active";"329.02";
"9741";"TORGNY";"Chiers";"229481.0";"22474.0";"729497.632603625";"522485.092445269";"49.508810743532";"5.46612229891821";"Chiers";"643,13 km²";"Semois-Chiers / SC";"District de la Meuse";"";"Rouvroy";"LUXEMBOURG";"Direction de la Gestion hydrologique";"1993-10-12 00:00:00: Active";"188.712";
"9021";"TREIGNES";"Viroin";"171986.0";"86423.0";"671995.47242538";"586426.709610575";"50.0886264782466";"4.67597464977044";"Viroin";"548,22 km²";"Meuse amont / MM";"District de la Meuse";"";"Viroinval";"NAMUR";"Direction de la Gestion hydrologique";"1969-01-01 00:00:00: Active";"119.696";
"L6070";"Trois-Ponts";"Salm";"256923.0";"118926.0";"756927.903306657";"618939.570482085";"50.3715168785633";"5.87189084516187";"Amblève";"202,00 km²";"Amblève / AM";"District de la Meuse";"Trois-Ponts";"Trois-Ponts";"LIEGE";"Station appartenant à la DCENN";"1991-08-23 00:00:00: Active";"246.318";
"6832";"TROIS-PONTS";"Salm";"257242.0";"118075.0";"757247.002112892";"618088.61552272";"50.3638094659119";"5.87613123272315";"Amblève";"198,85 km²";"Amblève / AM";"District de la Meuse";"";"Trois-Ponts";"LIEGE";"Direction de la Gestion hydrologique";"1987-10-21 00:00:00: Active";"256.029";
"L7290";"Trou de Bra";"Lienne";"247026.0";"115885.0";"747031.347136677";"615897.415869442";"50.3459003047025";"5.73200450286035";"Amblève";"104,38 km²";"Amblève / AM";"District de la Meuse";"Bra";"Lierneux";"LIEGE";"Station appartenant à la DCENN";"2006-02-20 00:00:00: Active";"277.252";
"1951";"TUBIZE";"Senne";"137825.0";"153311.0";"637826.773553582";"653310.095540182";"50.6902561456463";"4.19644630975509";"Senne";"214,78 km²";"Senne / SN";"District de l'Escaut";"";"Tubize";"BRABANT WALLON";"Direction de la Gestion hydrologique";"1997-10-17 00:00:00: Active";"35.768";
"L7610";"Tubize";"Sennette";"139207.0";"153153.0";"639208.78";"653152.26";"50.6888628285529";"4.21600924004684";"Sennette";"98,58 km²";"Senne / SN";"District de l'Escaut";"Tubize";"Tubize";"BRABANT WALLON";"Station appartenant à la DCENN";"2011-06-21 00:00:00: Active";"37.51";
"L8020";"Tubize Coeurcq";"Coeurcq";"138215.0";"152697.0";"638216.843596835";"652696.1469662";"50.6847443497008";"4.20198510440164";"Senne";"17,21 km²";"Senne / SN";"District de l'Escaut";"Tubize";"Tubize";"BRABANT WALLON";"Station appartenant à la Province du Brabant Wallon";"2016-03-01 00:00:00: Active";"39.51";
"L8010";"Tubize Stincup";"Stincup-Laubecq";"136688.0";"152984.0";"636689.821661501";"652982.962664285";"50.6872917343193";"4.1803669655613";"Senne";"29,59 km²";"Senne / SN";"District de l'Escaut";"Tubize";"Tubize";"BRABANT WALLON";"Station appartenant à la Province du Brabant Wallon";"2016-03-01 00:00:00: Active";"37.96";
"L6260";"Upigny";"Mehaigne";"185079.0";"141226.0";"685081.832374111";"641230.825106836";"50.5806835523476";"4.86404775730322";"Mehaigne";"17,00 km²";"Meuse aval / MA";"District de la Meuse";"Upigny";"Eghezée";"NAMUR";"Station appartenant à la DCENN";"1991-10-02 00:00:00: Active";"144.752";
"L7511";"Val-dieu";"Berwinne";"249786.0";"156184.0";"749786.522200278";"656196.413200292";"50.7076671369079";"5.78155208714741";"Berwinne";"48,36 km²";"Meuse aval / MA";"District de la Meuse";"Aubel";"Aubel";"LIEGE";"Station appartenant à la DCENN";"2014-01-25 00:00:00: Active";"119.456";
"L7150";"Verviers";"Vesdre";"254550.0";"143074.0";"754552.045063675";"643087.08868333";"50.5889975839603";"5.84529255855502";"Vesdre";"338,15 km²";"Vesdre / VE";"District de la Meuse";"Verviers";"Verviers";"LIEGE";"Station appartenant à la DCENN";"2004-08-17 00:00:00: Active";"0.0";
"L6300";"Vieuxville";"Ruisseau de Lembrée";"233071.0";"121039.0";"733075.847259608";"621049.710102728";"50.3943699154091";"5.53710554152364";"Ourthe moyenne";"51,00 km²";"Ourthe / OU";"District de la Meuse";"Vieuxville";"Ferrières";"LIEGE";"Station appartenant à la DCENN";"1991-09-03 00:00:00: Active";"130.153";
"L6220";"Villers-devant-Orval";"Marge";"219790.0";"34463.0";"719805.281391011";"534472.837300496";"49.6177983441587";"5.33448976224559";"Chiers";"82,00 km²";"Semois-Chiers / SC";"District de la Meuse";"Villers-devant-Orval";"Florenville";"LUXEMBOURG";"Station appartenant à la DCENN";"1992-11-12 00:00:00: Active";"191.442";
"L6440";"Virton";"Ton";"234474.0";"29038.0";"734489.808219659";"529049.634234716";"49.5671321205915";"5.53647526653581";"Chiers";"89,00 km²";"Semois-Chiers / SC";"District de la Meuse";"Virton";"Virton";"LUXEMBOURG";"Station appartenant à la DCENN";"1991-08-14 00:00:00: Active";"207.254";
"L8510";"Volaiville";"Sûre";"240038.0";"63694.0";"740049.627764593";"563706.012479558";"49.8778527561294";"5.62146222711767";"Sûre";"1,00 km²";"Moselle / ML";"District du Rhin";"Léglise";"Léglise";"LUXEMBOURG";"Station appartenant à la Province de Luxembourg";"2019-07-20 00:00:00: Active";"398.76";
"L7000";"Vresse-sur-Semois";"Ruisseau du Moulin";"190945.0";"62564.0";"690957.16427895";"562570.165484393";"49.8731141195841";"4.93833987616244";"Basse Semois";"61,78 km²";"Semois-Chiers / SC";"District de la Meuse";"Vresse-sur-Semois";"Vresse-sur-Semois";"NAMUR";"Station appartenant à la DCENN";"2003-09-04 00:00:00: Active";"184.69";
"L5640";"Walcourt";"Ry d'Yves";"154691.0";"104779.0";"654698.423335517";"604780.498128034";"50.2540490772559";"4.43452352896452";"Eau d'heure";"87,00 km²";"Sambre / SA";"District de la Meuse";"Walcourt";"Walcourt";"NAMUR";"Station appartenant à la DCENN";"1976-05-01 00:00:00: Active";"164.32";
"7781";"WALCOURT (GARE)";"Eau d'Heure";"154838.0";"105421.0";"654845.34559213";"605422.510458762";"50.2598197801927";"4.43659315208913";"Eau d'heure";"191,59 km²";"Sambre / SA";"District de la Meuse";"";"Walcourt";"NAMUR";"Direction de la Gestion hydrologique";"1967-09-14 00:00:00: Active";"161.9";
"7784";"WALCOURT (SEUIL)";"Eau d'Heure";"154095.0";"104225.0";"654102.494212824";"604226.431542483";"50.2490728283921";"4.4261600091169";"Eau d'heure";"99,91 km²";"Sambre / SA";"District de la Meuse";"";"Walcourt";"NAMUR";"Direction de la Gestion hydrologique";"1976-03-03 00:00:00: Active";"166.279";
"7812";"WALCOURT-VOGENEE";"Ry d'Yves";"155334.0";"104153.0";"655341.492789193";"604154.579873057";"50.2484154938751";"4.44353110831028";"Eau d'heure";"87,07 km²";"Sambre / SA";"District de la Meuse";"";"Walcourt";"NAMUR";"Direction de la Gestion hydrologique";"1996-07-18 00:00:00: Active";"169.316";
"L7190";"Wanlin";"Biran";"199399.0";"94416.0";"699407.296354145";"594422.913685812";"50.1588275201869";"5.06006995083457";"Basse Lesse";"51,94 km²";"Lesse / LE";"District de la Meuse";"Wanlin";"Houyet";"NAMUR";"Station appartenant à la DCENN";"2004-09-03 00:00:00: Active";"128.41";
"L5820";"Wanze";"Mehaigne";"210171.0";"137156.0";"710174.113431828";"637163.848737452";"50.542051268599";"5.21765326852068";"Mehaigne";"352,05 km²";"Meuse aval / MA";"District de la Meuse";"Wanze";"Wanze";"LIEGE";"Station appartenant à la DCENN";"1978-12-11 00:00:00: Active";"71.398";
"8163";"WARNANT";"Molignée";"182807.0";"110488.0";"682813.514920613";"610492.804268884";"50.304477469792";"4.82927327273955";"Molignée";"125,39 km²";"Meuse amont / MM";"District de la Meuse";"";"Anhée";"NAMUR";"Direction de la Gestion hydrologique";"1968-03-07 00:00:00: Active<br>2023-04-06 00:00:00: Active";"107.507";
"L7410";"Weweler";"Our";"277498.0";"100084.0";"777504.979611591";"600100.178817925";"50.1980612784065";"6.15466314123565";"Our";"276,74 km²";"Moselle / ML";"District du Rhin";"Burg-Reuland";"Burg-Reuland";"LIEGE";"Station appartenant à la DCENN";"2010-03-01 00:00:00: Active";"350.56";
"L5961";"Wiers";"Verne de Bury";"91479.0";"134082.0";"591483.436747866";"634075.725207672";"50.5145942459437";"3.54360033597421";"Escaut (affluents)";"24,90 km²";"Escaut-Lys / EL";"District de l'Escaut";"Wiers";"Péruwelz";"HAINAUT";"Station appartenant à la DCENN";"1979-09-01 00:00:00: Active";"21.118";
"7944";"WIHERIES";"Hantes";"136203.0";"109785.0";"636209.975475926";"609784.253044684";"50.298913910057";"4.17509237390395";"Haute Sambre (affluents)";"142,34 km²";"Sambre / SA";"District de la Meuse";"";"Erquelinnes";"HAINAUT";"Direction de la Gestion hydrologique";"1979-01-01 00:00:00: Active";"125.531";
"L7370";"Willerzie";"Hulle";"182093.0";"76885.0";"682103.52799001";"576889.992732804";"50.0024121433176";"4.81640262750033";"Houille";"38,00 km²";"Meuse amont / MM";"District de la Meuse";"Willerzie";"Gedinne";"NAMUR";"Station appartenant à la DCENN";"2009-06-01 00:00:00: Active";"277.31";
"6971";"WIRTZFELD";"Holzwarche";"284295.0";"125553.0";"784298.887733095";"625569.777920771";"50.4254557714781";"6.25891471222233";"Amblève";"31,99 km²";"Amblève / AM";"District de la Meuse";"";"Büllingen";"LIEGE";"Direction de la Gestion hydrologique";"1996-11-20 00:00:00: Active";"550.851";
"L5950";"Wyompont";"Ourthe Occidentale";"236102.0";"86718.0";"736110.914175559";"586729.353505873";"50.0854105487081";"5.57190249362";"Ourthe supérieure";"270,10 km²";"Ourthe / OU";"District de la Meuse";"Erneuville";"Tenneville";"LUXEMBOURG";"Station appartenant à la DCENN";"1979-02-20 00:00:00: Active";"325.368";
"L7990";"Yves-Gomzée";"Ry d'Yves";"161999.0";"102957.0";"662006.581523909";"602959.384346243";"50.2375642542197";"4.53694204599907";"Eau d'heure";"41,40 km²";"Sambre / SA";"District de la Meuse";"Yves-Gomezée";"Walcourt";"NAMUR";"Station appartenant à la DCENN";"2015-12-31 00:00:00: Active";"215.43";
"L5800";"Yvoir";"Bocq";"187715.0";"113795.0";"687721.080785409";"613800.362506299";"50.3339135760749";"4.89849883784928";"Bocq";"230,00 km²";"Meuse amont / MM";"District de la Meuse";"Yvoir";"Yvoir";"NAMUR";"Station appartenant à la DCENN";"1979-02-04 00:00:00: Active";"100.636";
"8134";"YVOIR";"Bocq";"188678.0";"114326.0";"688684.009654813";"614331.472991954";"50.3386247294069";"4.91207953482401";"Bocq";"229,54 km²";"Meuse amont / MM";"District de la Meuse";"";"Yvoir";"NAMUR";"Direction de la Gestion hydrologique";"1968-03-07 00:00:00: Active";"107.817";
